"","sex","ethnicity","weight","height","age"
"5","F","European",44.5,1.57,18
"10","F","European",95.5,1.66,40
"13","F","European",47,1.58,45
"20","F","European",66.6,1.59,39
"24","F","European",62.5,1.76,49
"26","F","European",66.2,1.67,37
"27","F","European",58.6,1.68,27
"33","F","European",60,1.7,42
"34","F","European",55.2,1.61,41
"36","F","European",60,1.64,54
"43","F","European",80.6,1.59,20
"50","F","European",72.6,1.63,27
"67","F","European",73.4,1.8,28
"72","F","European",79.8,1.77,37
"73","F","European",57,1.72,42
"76","F","European",54.8,1.57,31
"89","F","European",75,1.8,45
"95","F","European",60.8,1.62,25
"127","F","European",71,1.75,35
"140","F","European",62.8,1.63,32
"156","F","European",70,1.59,29
"157","F","European",50,1.55,33
"167","F","European",70,1.68,51
"179","F","European",68,1.58,41
"187","F","European",88,1.62,51
"190","F","European",64.2,1.63,48
"197","F","European",88.2,1.68,37
"200","F","European",70,1.63,44
"203","F","European",60,1.58,43
"205","F","European",55,1.56,27
"239","F","European",65,1.63,52
"241","F","European",93,1.72,34
"258","F","European",86.4,1.68,53
"259","F","European",65,1.7,21
"263","F","European",74,1.67,22
"267","F","European",78,1.72,54
"273","F","European",54.2,1.52,57
"276","F","European",59,1.65,27
"277","F","European",53.8,1.58,47
"285","F","European",70.6,1.7,26
"288","F","European",62.5,1.72,25
"291","F","European",73,1.71,31
"292","F","European",66.5,1.68,20
"293","F","European",61,1.67,37
"295","F","European",62,1.57,21
"299","F","European",60,1.79,22
"301","F","European",66,1.65,60
"305","F","European",69.5,1.56,23
"308","F","European",61.8,1.67,28
"313","F","European",66,1.66,48
"327","F","European",57,1.6,50
"336","F","European",74.2,1.57,34
"349","F","European",69.6,1.6,42
"350","F","European",70,1.63,33
"361","F","European",62.4,1.71,23
"362","F","European",50.5,1.58,21
"363","F","European",67,1.6,44
"367","F","European",63.4,1.76,21
"370","F","European",68.5,1.51,23
"375","F","European",66.2,1.76,26
"393","F","European",62.4,1.6,27
"400","F","European",75,1.67,24
"407","F","European",66,1.68,41
"414","F","European",61.8,1.7,38
"416","F","European",57,1.65,47
"418","F","European",57,1.66,39
"421","F","European",71,1.65,51
"426","F","European",77.6,1.7,32
"427","F","European",84.4,1.71,38
"428","F","European",70,1.63,25
"430","F","European",75,1.68,33
"432","F","European",63,1.65,54
"438","F","European",53,1.68,39
"439","F","European",61.5,1.55,30
"440","F","European",64,1.68,38
"456","F","European",57.2,1.65,51
"458","F","European",78,1.63,43
"459","F","European",62,1.73,24
"467","F","European",64.6,1.59,49
"476","F","European",75,1.7,52
"481","F","European",88,1.62,55
"484","F","European",70,1.72,52
"488","F","European",72,1.63,50
"489","F","European",64,1.74,44
"493","F","European",57,1.67,24
"494","F","European",98.4,1.66,31
"499","F","European",67.2,1.72,22
"503","F","European",58,1.72,33
"506","F","European",51.4,1.59,28
"507","F","European",51,1.65,51
"508","F","European",87.2,1.73,35
"518","F","European",76,1.63,21
"519","F","European",68.8,1.8,39
"529","F","European",78,1.7,58
"533","F","European",73,1.69,34
"537","F","European",58.2,1.57,24
"541","F","European",53,1.58,25
"547","F","European",54.4,1.66,32
"548","F","European",68.5,1.64,19
"552","F","European",77,1.75,39
"564","F","European",82,1.73,25
"574","F","European",98,1.68,46
"578","F","European",64.4,1.63,21
"606","F","European",50,1.56,45
"617","F","European",84,1.58,45
"619","F","European",64.8,1.63,36
"629","F","European",67,1.66,35
"630","F","European",58,1.62,24
"631","F","European",70,1.65,39
"645","F","European",62,1.59,45
"647","F","European",62.8,1.7,22
"650","F","European",66.7,1.59,57
"657","F","European",63,1.78,33
"658","F","European",55.2,1.66,31
"662","F","European",45.3,1.51,19
"664","F","European",56.6,1.61,22
"665","F","European",59.5,1.63,23
"666","F","European",67.5,1.59,50
"669","F","European",69,1.63,40
"670","F","European",54,1.59,53
"671","F","European",65,1.72,36
"673","F","European",56,1.61,45
"676","F","European",59.4,1.58,54
"693","F","European",65,1.73,36
"695","F","European",59.6,1.67,58
"712","F","European",52.8,1.49,45
"714","F","European",77.5,1.72,49
"715","F","European",69.8,1.6,25
"718","F","European",61,1.56,54
"720","F","European",66,1.67,34
"727","F","European",61,1.61,22
"730","F","European",61.4,1.59,20
"731","F","European",48.8,1.63,47
"735","F","European",60.2,1.71,19
"738","F","European",60.5,1.58,38
"743","F","European",81,1.64,49
"752","F","European",60.5,1.56,47
"755","F","European",79,1.74,53
"759","F","European",65,1.62,28
"764","F","European",54.5,1.61,41
"767","F","European",74.6,1.65,59
"776","F","European",68.2,1.63,41
"782","F","European",65,1.64,24
"783","F","European",73,1.68,21
"784","F","European",61,1.57,41
"785","F","European",72.8,1.63,40
"790","F","European",63,1.6,47
"792","F","European",101,1.62,45
"803","F","European",61.8,1.6,48
"805","F","European",58.8,1.73,24
"806","F","European",80,1.61,41
"815","F","European",75.8,1.7,23
"820","F","European",81,1.65,42
"827","F","European",57,1.61,40
"836","F","European",53.2,1.65,33
"837","F","European",98,1.73,51
"843","F","European",59.2,1.66,23
"861","F","European",63.6,1.66,22
"867","F","European",68.5,1.66,27
"868","F","European",57.9,1.59,24
"870","F","European",50,1.58,41
"872","F","European",57,1.63,38
"876","F","European",50,1.62,37
"877","F","European",50.9,1.61,24
"884","F","European",61,1.62,42
"889","F","European",64.4,1.76,30
"893","F","European",61,1.58,38
"894","F","European",77,1.53,41
"913","F","European",82.2,1.7,25
"927","F","European",54,1.63,48
"933","F","European",76.4,1.69,55
"937","F","European",88,1.68,43
"938","F","European",66.4,1.71,46
"941","F","European",73.4,1.62,40
"944","F","European",57,1.6,32
"946","F","European",63.5,1.69,59
"949","F","European",69,1.61,37
"953","F","European",81.2,1.67,25
"957","F","European",80,1.59,61
"964","F","European",78,1.66,37
"965","F","European",68,1.44,43
"969","F","European",60.6,1.48,42
"971","F","European",76.8,1.64,50
"974","F","European",60.6,1.52,39
"975","F","European",58.6,1.55,40
"983","F","European",57.6,1.57,48
"985","F","European",95,1.74,45
"995","F","European",66.4,1.71,38
"998","F","European",66.6,1.65,30
"1003","F","European",74.6,1.59,53
"1006","F","European",58.4,1.69,37
"1011","F","European",61.8,1.63,45
"1019","F","European",57.5,1.64,45
"1027","F","European",63.5,1.6,52
"1028","F","European",73.5,1.72,39
"1029","F","European",67,1.59,40
"1032","F","European",57.2,1.6,39
"1037","F","European",62,1.65,27
"1052","F","European",56.5,1.63,19
"1054","F","European",66.4,1.76,33
"1055","F","European",53.4,1.59,47
"1058","F","European",94,1.77,45
"1060","F","European",95,1.69,41
"1065","F","European",62.8,1.58,32
"1073","F","European",71,1.58,26
"1074","F","European",66,1.65,35
"1081","F","European",69,1.68,32
"1091","F","European",82,1.63,36
"1101","F","European",68,1.57,41
"1109","F","European",65.5,1.68,42
"1115","F","European",73,1.71,48
"1130","F","European",104,1.66,41
"1138","F","European",71.5,1.68,44
"1140","F","European",60,1.68,35
"1142","F","European",65.6,1.81,31
"1158","F","European",72.6,1.6,22
"1163","F","European",61.8,1.67,33
"1170","F","European",54,1.59,48
"1175","F","European",61,1.68,31
"1186","F","European",84,1.63,29
"1194","F","European",73.5,1.67,22
"1196","F","European",71.4,1.63,26
"1198","F","European",70,1.67,36
"1201","F","European",58,1.7,44
"1202","F","European",59,1.58,29
"1206","F","European",54,1.6,46
"1209","F","European",64.6,1.72,30
"1211","F","European",81,1.63,44
"1214","F","European",47.8,1.56,38
"1216","F","European",61.4,1.61,54
"1221","F","European",62,1.72,35
"1231","F","European",72,1.68,50
"1232","F","European",66.5,1.74,26
"1243","F","European",59.8,1.52,33
"1245","F","European",78,1.67,41
"1251","F","European",85.4,1.69,54
"1256","F","European",52,1.64,46
"1258","F","European",55.8,1.71,22
"1265","F","European",56,1.6,23
"1267","F","European",65,1.67,21
"1273","F","European",51.8,1.57,26
"1274","F","European",89,1.65,44
"1276","F","European",63.4,1.62,46
"1277","F","European",65,1.63,38
"1283","F","European",49,1.59,22
"1291","F","European",68.2,1.6,27
"1314","F","European",60,1.62,37
"1327","F","European",63,1.66,47
"1328","F","European",75.2,1.64,54
"1333","F","European",54,1.53,57
"1336","F","European",79,1.8,22
"1343","F","European",117,1.65,31
"1349","F","European",55.5,1.6,27
"1350","F","European",65.2,1.75,45
"1359","F","European",61.4,1.69,31
"1362","F","European",53,1.6,41
"1377","F","European",54.4,1.73,29
"1380","F","European",51,1.65,26
"1383","F","European",67.5,1.69,23
"1391","F","European",67,1.56,47
"1400","F","European",78.8,1.69,31
"1404","F","European",63,1.73,28
"1409","F","European",59.4,1.68,17
"1417","F","European",59.8,1.68,29
"1418","F","European",80.4,1.75,39
"1419","F","European",51,1.5,40
"1425","F","European",51.4,1.58,30
"1429","F","European",58.6,1.71,27
"1432","F","European",60,1.7,45
"1438","F","European",52,1.6,25
"1448","F","European",82,1.65,52
"1453","F","European",74.1,1.56,48
"1456","F","European",59.2,1.55,51
"1460","F","European",59.4,1.69,27
"1469","F","European",63.4,1.66,27
"1472","F","European",66.5,1.73,33
"1473","F","European",79.8,1.71,46
"1479","F","European",95,1.72,50
"1483","F","European",76.6,1.63,34
"1484","F","European",60,1.64,23
"1489","F","European",58.6,1.68,24
"1494","F","European",85,1.72,25
"1498","F","European",60.6,1.7,32
"1512","F","European",55,1.63,49
"1517","F","European",67,1.65,48
"1519","F","European",57.2,1.65,34
"1522","F","European",77.8,1.65,21
"1526","F","European",57,1.68,37
"1530","F","European",56,1.56,33
"1531","F","European",70,1.68,44
"1532","F","European",51.2,1.56,25
"1533","F","European",66.6,1.7,30
"1543","F","European",83,1.67,48
"1551","F","European",80,1.7,43
"1554","F","European",53,1.54,20
"1556","F","European",61,1.65,30
"1562","F","European",81,1.65,42
"1567","F","European",61.5,1.64,41
"1570","F","European",71.2,1.71,48
"1574","F","European",55.2,1.63,38
"1578","F","European",68,1.65,24
"1592","F","European",55.2,1.57,29
"1606","F","European",57,1.63,47
"1613","F","European",62,1.67,45
"1616","F","European",81,1.66,39
"1623","F","European",72.8,1.72,29
"1652","F","European",116.6,1.67,37
"1657","F","European",52,1.52,25
"1664","F","European",56.5,1.55,33
"1682","F","European",113,1.77,32
"1687","F","European",57,1.67,31
"1688","F","European",67.8,1.68,44
"1697","F","European",54,1.65,29
"1700","F","European",82.4,1.69,49
"1704","F","European",65,1.72,30
"1716","F","European",51.2,1.6,30
"1720","F","European",49.4,1.67,36
"1722","F","European",63.8,1.64,40
"1724","F","European",82,1.69,38
"1725","F","European",50.4,1.59,31
"1728","F","European",67.4,1.67,38
"1731","F","European",66.6,1.66,45
"1735","F","European",59.2,1.67,30
"1741","F","European",55,1.6,38
"1743","F","European",72,1.72,41
"1746","F","European",75,1.73,23
"1756","F","European",53,1.66,59
"1761","F","European",65.2,1.64,25
"1762","F","European",68.5,1.61,47
"1767","F","European",84.6,1.71,46
"1769","F","European",73.4,1.64,43
"1771","F","European",76.8,1.77,36
"1779","F","European",52,1.69,36
"1781","F","European",56,1.55,53
"1791","F","European",60,1.56,38
"1798","F","European",62.6,1.76,42
"1806","F","European",64.5,1.59,44
"1811","F","European",60,1.75,26
"1812","F","European",70,1.65,27
"1819","F","European",58.8,1.63,50
"1822","F","European",75.6,1.59,49
"1827","F","European",67.4,1.63,50
"1832","F","European",57.8,1.64,32
"1833","F","European",79,1.64,56
"1843","F","European",61,1.6,50
"1845","F","European",53,1.59,32
"1855","F","European",67,1.66,41
"1858","F","European",66,1.65,22
"1867","F","European",64,1.63,44
"1870","F","European",55.5,1.56,58
"1876","F","European",68,1.6,58
"1879","F","European",69,1.64,22
"1880","F","European",62,1.64,20
"1881","F","European",66.4,1.66,49
"1888","F","European",52.8,1.56,45
"1889","F","European",88,1.67,41
"1893","F","European",56,1.58,34
"1894","F","European",60.2,1.69,30
"1919","F","European",72.6,1.66,41
"1922","F","European",54.8,1.61,31
"1929","F","European",81,1.62,55
"1932","F","European",52.4,1.6,39
"1943","F","European",59.4,1.69,26
"1944","F","European",72,1.64,41
"1946","F","European",59,1.7,28
"1969","F","European",75,1.6,46
"1977","F","European",64,1.63,17
"1994","F","European",67.3,1.64,43
"2000","F","European",59,1.6,43
"2001","F","European",57.6,1.65,49
"2004","F","European",72.8,1.63,49
"2013","F","European",79,1.53,24
"2014","F","European",69,1.69,19
"2017","F","European",78.6,1.66,23
"2021","F","European",72.4,1.69,23
"2022","F","European",79,1.58,46
"2029","F","European",46.5,1.59,61
"2033","F","European",65,1.7,24
"2043","F","European",63,1.71,39
"2049","F","European",79,1.65,28
"2059","F","European",70,1.62,57
"2062","F","European",81,1.7,24
"2063","F","European",53,1.65,36
"2067","F","European",83.2,1.73,30
"2072","F","European",54,1.53,37
"2075","F","European",89,1.74,22
"2093","F","European",76,1.64,30
"2101","F","European",55,1.7,25
"2108","F","European",53.2,1.64,33
"2114","F","European",54.8,1.59,36
"2115","F","European",115.4,1.58,49
"2121","F","European",96,1.71,50
"2123","F","European",66.2,1.6,44
"2137","F","European",75,1.61,20
"2142","F","European",100,1.68,47
"2148","F","European",62,1.76,40
"2155","F","European",83,1.69,36
"2156","F","European",73.8,1.63,47
"2159","F","European",72.4,1.63,25
"2160","F","European",48,1.67,21
"2162","F","European",70,1.61,26
"2175","F","European",85.4,1.74,46
"2184","F","European",50,1.67,31
"2187","F","European",65,1.62,34
"2194","F","European",69,1.67,27
"2197","F","European",75,1.68,31
"2210","F","European",84,1.7,32
"2225","F","European",78,1.65,49
"2226","F","European",79,1.56,57
"2251","F","European",58,1.64,33
"2253","F","European",62.4,1.69,52
"2254","F","European",67,1.69,31
"2258","F","European",71,1.57,29
"2267","F","European",65,1.62,22
"2270","F","European",69,1.73,25
"2276","F","European",68.8,1.67,55
"2279","F","European",61,1.72,24
"2282","F","European",53.5,1.61,27
"2290","F","European",64.4,1.63,53
"2298","F","European",93,1.72,50
"2305","F","European",50,1.52,37
"2311","F","European",60.2,1.61,27
"2315","F","European",68,1.78,33
"2316","F","European",65,1.64,29
"2334","F","European",82,1.74,54
"2337","F","European",68.2,1.77,24
"2340","F","European",65.6,1.75,33
"2341","F","European",71,1.68,44
"2346","F","European",62,1.65,23
"2350","F","European",63.6,1.66,29
"2353","F","European",55.6,1.7,20
"2358","F","European",76.5,1.62,46
"2360","F","European",72.1,1.65,37
"2370","F","European",102,1.69,40
"2371","F","European",69,1.6,25
"2373","F","European",59.6,1.71,20
"2375","F","European",58,1.69,28
"2382","F","European",60,1.64,21
"2383","F","European",65.6,1.57,44
"2386","F","European",71.8,1.71,22
"2392","F","European",71.8,1.68,30
"2400","F","European",56.4,1.6,38
"2407","F","European",57.8,1.71,31
"2413","F","European",70,1.64,44
"2415","F","European",71.6,1.61,52
"2418","F","European",72,1.64,24
"2422","F","European",52,1.55,24
"2427","F","European",65.5,1.54,53
"2428","F","European",53,1.57,27
"2438","F","European",73.8,1.75,22
"2443","F","European",57,1.66,33
"2448","F","European",61,1.66,29
"2451","F","European",67.8,1.69,40
"2452","F","European",58.8,1.69,30
"2463","F","European",60,1.65,49
"2473","F","European",63,1.61,53
"2485","F","European",61.4,1.54,29
"2493","F","European",62,1.7,30
"2495","F","European",69,1.64,46
"2502","F","European",63,1.63,32
"2504","F","European",54,1.56,35
"2505","F","European",57.4,1.65,38
"2514","F","European",56,1.71,26
"2519","F","European",72.4,1.69,33
"2528","F","European",66.8,1.6,28
"2529","F","European",67,1.63,39
"2535","F","European",56.6,1.66,23
"2537","F","European",86,1.74,26
"2543","F","European",64,1.75,28
"2549","F","European",67,1.64,44
"2555","F","European",65,1.76,22
"2565","F","European",67,1.68,56
"2571","F","European",86,1.67,42
"2578","F","European",61,1.67,37
"2588","F","European",54.8,1.59,45
"2593","F","European",62,1.64,46
"2603","F","European",59,1.63,33
"2609","F","European",86,1.68,32
"2620","F","European",75,1.64,40
"2625","F","European",59,1.65,33
"2631","F","European",70,1.77,24
"2644","F","European",51,1.47,56
"2647","F","European",73,1.77,28
"2651","F","European",88.4,1.54,42
"2654","F","European",54,1.55,45
"2669","F","European",83.6,1.72,21
"2671","F","European",57,1.72,44
"2676","F","European",65,1.67,35
"2682","F","European",78,1.62,54
"2684","F","European",67.2,1.63,39
"2686","F","European",69.6,1.66,37
"2690","F","European",73,1.73,37
"2692","F","European",52.2,1.62,20
"2697","F","European",62.8,1.63,35
"2704","F","European",47.2,1.58,37
"2706","F","European",88.4,1.64,49
"2709","F","European",51.8,1.63,34
"2711","F","European",71,1.8,46
"2728","F","European",58,1.54,25
"2729","F","European",58,1.6,48
"2732","F","European",61,1.63,45
"2733","F","European",62,1.64,47
"2739","F","European",67,1.61,60
"2740","F","European",84.2,1.56,33
"2747","F","European",60.8,1.74,26
"2753","F","European",90,1.67,23
"2781","F","European",65,1.66,34
"2796","F","European",55,1.65,27
"2797","F","European",64,1.67,33
"2799","F","European",77.5,1.7,50
"2802","F","European",79,1.66,39
"2812","F","European",65,1.73,23
"2814","F","European",63.4,1.61,26
"2826","F","European",58.2,1.64,22
"2827","F","European",59.4,1.63,35
"2833","F","European",72,1.78,34
"2851","F","European",58,1.78,20
"2860","F","European",72.2,1.75,34
"2866","F","European",63,1.66,31
"2870","F","European",80.2,1.6,60
"2875","F","European",61,1.63,30
"2883","F","European",63.5,1.66,25
"2886","F","European",56,1.6,36
"2908","F","European",58.6,1.65,27
"2916","F","European",68.6,1.73,25
"2918","F","European",80,1.63,52
"2926","F","European",61,1.63,35
"2935","F","European",61,1.58,28
"2943","F","European",61,1.62,29
"2947","F","European",52,1.61,26
"2948","F","European",86.4,1.66,26
"2951","F","European",57.8,1.63,28
"2952","F","European",67.6,1.56,51
"2956","F","European",66.8,1.69,33
"2964","F","European",76.5,1.54,49
"3000","F","European",64,1.71,21
"3004","F","European",54.6,1.57,25
"3019","F","European",53,1.58,49
"3025","F","European",69,1.63,25
"3032","F","European",98,1.7,44
"3047","F","European",63.6,1.68,38
"3054","F","European",56,1.66,21
"3059","F","European",85,1.6,44
"3060","F","European",76,1.7,29
"3064","F","European",88,1.69,25
"3068","F","European",63,1.67,18
"3073","F","European",69,1.76,21
"3076","F","European",61,1.68,35
"3077","F","European",70,1.68,33
"3083","F","European",56.8,1.7,32
"3099","F","European",67,1.56,39
"3102","F","European",63,1.6,27
"3110","F","European",53,1.55,41
"3118","F","European",74,1.58,51
"3130","F","European",56.8,1.53,52
"3143","F","European",83,1.69,51
"3147","F","European",69,1.72,26
"3151","F","European",71.8,1.76,47
"3156","F","European",74,1.61,50
"3158","F","European",77.6,1.55,54
"3159","F","European",65.8,1.71,59
"3161","F","European",57.2,1.66,26
"3191","F","European",65.4,1.68,42
"3194","F","European",92.4,1.63,24
"3197","F","European",85,1.58,47
"3198","F","European",52,1.65,53
"3199","F","European",71.4,1.65,43
"3201","F","European",80.4,1.52,37
"3204","F","European",81,1.67,50
"3215","F","European",81,1.72,43
"3238","F","European",62,1.7,51
"3239","F","European",47,1.5,30
"3242","F","European",52,1.74,40
"3243","F","European",55,1.7,23
"3247","F","European",69.6,1.65,40
"3248","F","European",90.8,1.66,34
"3249","F","European",59,1.61,48
"3254","F","European",57.4,1.68,28
"3256","F","European",72,1.63,51
"3260","F","European",73.2,1.68,31
"3270","F","European",55,1.62,26
"3272","F","European",73,1.79,36
"3282","F","European",73,1.64,41
"3285","F","European",52.5,1.67,26
"3295","F","European",64,1.6,51
"3298","F","European",59.2,1.56,44
"3310","F","European",58.6,1.64,37
"3321","F","European",65.6,1.67,43
"3323","F","European",48.2,1.53,32
"3345","F","European",100,1.72,37
"3347","F","European",56,1.6,39
"3354","F","European",78.6,1.72,42
"3371","F","European",62,1.57,58
"3374","F","European",55.6,1.63,27
"3375","F","European",65,1.68,45
"3377","F","European",57,1.68,16
"3378","F","European",72,1.69,32
"3385","F","European",55.6,1.62,32
"3388","F","European",57.6,1.63,28
"3392","F","European",62,1.57,43
"3393","F","European",68,1.62,53
"3395","F","European",65.8,1.67,21
"3397","F","European",78,1.65,49
"3403","F","European",73,1.51,41
"3410","F","European",59,1.57,46
"3420","F","European",65.5,1.68,21
"3423","F","European",94,1.73,48
"3424","F","European",69.6,1.66,29
"3425","F","European",65,1.65,25
"3427","F","European",71,1.68,21
"3445","F","European",53,1.55,30
"3448","F","European",68,1.69,41
"3451","F","European",61,1.55,50
"3453","F","European",82.6,1.66,49
"3454","F","European",57,1.69,24
"3468","F","European",76.8,1.64,43
"3473","F","European",64.2,1.7,27
"3474","F","European",88.2,1.72,28
"3482","F","European",54.6,1.7,28
"3483","F","European",65,1.62,24
"3487","F","European",51.4,1.61,52
"3496","F","European",86.6,1.66,38
"3498","F","European",59.5,1.68,22
"3510","F","European",67,1.72,43
"3511","F","European",61,1.63,31
"3512","F","European",85,1.52,51
"3517","F","European",105,1.68,40
"3518","F","European",54,1.62,29
"3519","F","European",60,1.6,44
"3520","F","European",84.5,1.72,44
"3536","F","European",59,1.6,48
"3541","F","European",49,1.57,31
"3548","F","European",68.2,1.69,42
"3550","F","European",65.2,1.63,47
"3559","F","European",55.8,1.62,23
"3561","F","European",59,1.67,41
"3569","F","European",65,1.57,42
"3570","F","European",59.2,1.68,39
"3575","F","European",52,1.66,51
"3579","F","European",81.3,1.65,51
"3585","F","European",66.5,1.63,40
"3606","F","European",77.6,1.56,50
"3609","F","European",94.6,1.66,28
"3610","F","European",64,1.64,30
"3629","F","European",76.2,1.67,36
"3636","F","European",69,1.73,21
"3637","F","European",61.4,1.69,46
"3646","F","European",71,1.64,45
"3650","F","European",71.6,1.7,33
"3654","F","European",64,1.68,41
"3658","F","European",65,1.69,23
"3664","F","European",59.4,1.64,26
"3665","F","European",46.6,1.56,49
"3669","F","European",61.2,1.66,33
"3672","F","European",61.6,1.67,49
"3673","F","European",60,1.63,48
"3676","F","European",68.6,1.64,53
"3696","F","European",77,1.71,23
"3708","F","European",65.4,1.67,32
"3713","F","European",75.5,1.65,39
"3714","F","European",70.8,1.64,36
"3716","F","European",72.4,1.66,26
"3728","F","European",69,1.65,54
"3751","F","European",59.4,1.6,30
"3763","F","European",59.4,1.73,39
"3771","F","European",70.2,1.69,31
"3779","F","European",67,1.58,51
"3785","F","European",62.6,1.63,40
"3786","F","European",64,1.64,22
"3789","F","European",67,1.6,25
"3791","F","European",70.8,1.59,31
"3795","F","European",54.8,1.63,31
"3812","F","European",71,1.66,25
"3815","F","European",55.8,1.55,40
"3827","F","European",60,1.54,54
"3833","F","European",70.1,1.57,53
"3839","F","European",57.5,1.65,36
"3842","F","European",87,1.63,84
"3843","F","European",60.2,1.57,39
"3848","F","European",66.4,1.79,33
"3855","F","European",58.6,1.57,47
"3857","F","European",56.4,1.61,27
"3865","F","European",60,1.55,46
"3866","F","European",54,1.64,28
"3871","F","European",54.8,1.64,54
"3878","F","European",60.8,1.81,25
"3884","F","European",71.2,1.68,39
"3887","F","European",60.2,1.56,41
"3891","F","European",58,1.56,34
"3892","F","European",53.4,1.6,43
"3909","F","European",65.4,1.73,38
"3913","F","European",78.6,1.65,41
"3926","F","European",60.4,1.72,24
"3934","F","European",51,1.61,24
"3941","F","European",57.5,1.58,24
"3948","F","European",51.4,1.58,30
"3953","F","European",81,1.76,49
"3969","F","European",95.4,1.72,29
"3980","F","European",65,1.72,18
"3983","F","European",60,1.63,18
"3985","F","European",95,1.68,51
"3986","F","European",62,1.67,34
"3989","F","European",102.6,1.68,47
"4003","F","European",73.2,1.64,30
"4004","F","European",69,1.62,61
"4011","F","European",68.5,1.58,43
"4026","F","European",74,1.66,38
"4028","F","European",72,1.69,27
"4030","F","European",75,1.7,20
"4055","F","European",55,1.65,23
"4062","F","European",95.2,1.71,31
"4068","F","European",67,1.75,22
"4069","F","European",54,1.64,30
"4070","F","European",63.5,1.59,56
"4073","F","European",82,1.68,24
"4078","F","European",72,1.67,40
"4084","F","European",55,1.68,33
"4098","F","European",54.8,1.6,42
"4113","F","European",65.2,1.68,36
"4118","F","European",59.2,1.58,23
"4120","F","European",61.8,1.68,45
"4123","F","European",67.4,1.65,47
"4126","F","European",55,1.59,25
"4127","F","European",62.4,1.58,18
"4129","F","European",58,1.67,23
"4133","F","European",64,1.65,44
"4134","F","European",69.2,1.75,48
"4136","F","European",69,1.57,28
"4157","F","European",52.2,1.63,51
"4163","F","European",60,1.67,59
"4165","F","European",74.4,1.71,33
"4169","F","European",58.4,1.6,60
"4175","F","European",63,1.65,50
"4185","F","European",60.4,1.6,20
"4186","F","European",54,1.65,26
"4198","F","European",62.5,1.64,19
"4216","F","European",52.8,1.72,23
"4218","F","European",51,1.64,26
"4223","F","European",57.5,1.52,26
"4226","F","European",60,1.65,22
"4229","F","European",113,1.65,31
"4230","F","European",70,1.7,26
"4233","F","European",66.2,1.66,29
"4235","F","European",90.2,1.7,28
"4237","F","European",91.5,1.73,25
"4238","F","European",79,1.66,44
"4249","F","European",79,1.7,27
"4250","F","European",64.8,1.7,19
"4252","F","European",66.8,1.67,27
"4254","F","European",52,1.68,23
"4255","F","European",59.8,1.7,25
"4258","F","European",66.8,1.61,20
"4269","F","European",75,1.57,32
"4276","F","European",79,1.65,53
"4294","F","European",73,1.72,44
"4303","F","European",68,1.61,48
"4304","F","European",72.4,1.66,24
"4306","F","European",57.8,1.6,59
"4307","F","European",65.4,1.67,44
"4319","F","European",65,1.63,29
"4323","F","European",64,1.75,23
"4325","F","European",59.6,1.67,25
"4327","F","European",85,1.63,36
"4332","F","European",71,1.62,55
"4333","F","European",84,1.66,34
"4339","F","European",70.4,1.62,44
"4342","F","European",49,1.62,47
"4348","F","European",72,1.78,19
"4354","F","European",56.6,1.62,51
"4358","F","European",64.2,1.62,50
"4365","F","European",46.8,1.53,46
"4367","F","European",57.5,1.61,34
"4372","F","European",63.8,1.7,30
"4374","F","European",57,1.65,25
"4382","F","European",63,1.54,44
"4392","F","European",65.2,1.7,56
"4410","F","European",55,1.63,45
"4416","F","European",68,1.65,41
"4417","F","European",53.4,1.65,28
"4421","F","European",54.4,1.59,48
"4423","F","European",73,1.74,54
"4425","F","European",80,1.67,30
"4430","F","European",66.8,1.64,25
"4431","F","European",90,1.72,49
"4432","F","European",92,1.6,46
"4433","F","European",85.5,1.79,58
"4442","F","European",82,1.6,20
"4447","F","European",67,1.69,25
"4449","F","European",51,1.56,55
"4458","F","European",73.2,1.7,34
"4460","F","European",48,1.55,23
"4470","F","European",60,1.73,24
"4472","F","European",65.2,1.63,20
"4477","F","European",56,1.63,23
"4487","F","European",53.4,1.69,29
"4495","F","European",54,1.57,51
"4504","F","European",68.5,1.72,40
"4505","F","European",64.4,1.7,25
"4508","F","European",78,1.73,42
"4512","F","European",82,1.57,33
"4519","F","European",71,1.72,26
"4528","F","European",82,1.64,31
"4539","F","European",58,1.61,18
"4545","F","European",81,1.76,32
"4553","F","European",58.4,1.53,24
"4566","F","European",57,1.62,20
"4574","F","European",58.4,1.65,43
"4582","F","European",62,1.68,44
"4588","F","European",61,1.71,38
"4595","F","European",67.8,1.78,33
"4603","F","European",48,1.6,26
"4615","F","European",50.8,1.64,32
"4618","F","European",66,1.63,39
"4626","F","European",64,1.65,29
"4629","F","European",65.5,1.61,52
"4650","F","European",66,1.72,35
"4653","F","European",56.6,1.57,34
"4657","F","European",51,1.53,26
"4670","F","European",56.2,1.72,36
"4677","F","European",71.4,1.71,27
"4687","F","European",56.8,1.74,30
"4692","F","European",59.2,1.53,34
"4696","F","European",82,1.63,35
"4697","F","European",102.8,1.56,57
"4700","F","European",64.6,1.69,52
"4704","F","European",63.2,1.7,24
"4713","F","European",64.6,1.65,43
"4720","F","European",73,1.52,56
"4729","F","European",64,1.57,59
"4731","F","European",63,1.55,54
"4756","F","European",60,1.64,39
"4759","F","European",78,1.65,35
"4760","F","European",58.6,1.6,26
"4763","F","European",68.6,1.69,51
"4774","F","European",67,1.73,29
"4775","F","European",54,1.62,22
"4776","F","European",64,1.68,20
"4777","F","European",110.6,1.67,54
"4791","F","European",69,1.63,48
"4801","F","European",49.2,1.63,31
"4803","F","European",61.2,1.69,27
"4810","F","European",59,1.73,22
"4816","F","European",54,1.63,37
"4818","F","European",70,1.54,40
"4830","F","European",52,1.53,59
"4834","F","European",69.8,1.67,52
"4835","F","European",61.4,1.66,49
"4837","F","European",48.6,1.59,26
"4840","F","European",73.4,1.66,27
"4841","F","European",57,1.61,19
"4843","F","European",48.4,1.63,21
"4852","F","European",67.8,1.59,30
"4856","F","European",101,1.75,44
"4857","F","European",65,1.52,33
"4862","F","European",46,1.62,34
"4863","F","European",61.1,1.65,25
"4885","F","European",54.2,1.71,23
"4890","F","European",54.6,1.63,45
"4895","F","European",89,1.6,56
"4897","F","European",60.8,1.61,25
"4898","F","European",74.2,1.68,43
"4914","F","European",64,1.63,40
"4918","F","European",62,1.71,30
"4919","F","European",82,1.6,29
"4928","F","European",66,1.64,41
"4946","F","European",67.6,1.6,54
"4960","F","European",61,1.61,43
"4961","F","European",70.6,1.59,46
"4965","F","European",68.5,1.73,22
"4966","F","European",59,1.66,19
"4974","F","European",70,1.69,48
"4976","F","European",65.8,1.62,48
"4978","F","European",76.8,1.75,38
"4981","F","European",52,1.62,50
"4984","F","European",58,1.61,56
"4985","F","European",61.6,1.69,23
"4987","F","European",61,1.66,45
"4999","F","European",53,1.71,28
"5000","F","European",55.4,1.3,23
"5003","F","European",48,1.57,23
"5010","F","European",68,1.63,25
"5015","F","European",72,1.68,54
"5024","F","European",82,1.67,50
"5026","F","European",66,1.52,53
"5031","F","European",55.2,1.68,21
"5042","F","European",65,1.6,41
"5063","F","European",76,1.63,61
"5064","F","European",63.6,1.63,33
"5078","F","European",56,1.62,46
"5091","F","European",63.8,1.65,30
"5097","F","European",98,1.59,51
"5098","F","European",103,1.6,45
"5103","F","European",71,1.71,33
"5106","F","European",77,1.52,27
"5112","F","European",57,1.58,27
"5115","F","European",67,1.69,27
"5116","F","European",67.5,1.57,51
"5127","F","European",57,1.65,23
"5128","F","European",63,1.64,30
"5148","F","European",55.5,1.61,46
"5165","F","European",53,1.58,24
"5171","F","European",63,1.59,25
"5177","F","European",64.8,1.66,43
"5180","F","European",52,1.64,37
"5188","F","European",63.8,1.55,45
"5189","F","European",52.6,1.62,27
"5190","F","European",58,1.61,47
"5197","F","European",70.4,1.63,43
"5199","F","European",71,1.67,48
"5208","F","European",66,1.71,24
"5219","F","European",47,1.51,23
"5233","F","European",70,1.72,23
"5236","F","European",57,1.61,29
"5237","F","European",72.6,1.62,50
"5239","F","European",66,1.62,26
"5246","F","European",55,1.58,30
"5252","F","European",72,1.65,43
"5259","F","European",60.6,1.72,24
"5263","F","European",64,1.67,26
"5268","F","European",66,1.62,26
"5271","F","European",74.2,1.74,32
"5272","F","European",62.6,1.65,24
"5277","F","European",68,1.68,23
"5280","F","European",65,1.67,28
"5284","F","European",73.4,1.65,41
"5299","F","European",119,1.72,34
"5304","F","European",77,1.64,23
"5305","F","European",70.4,1.61,50
"5312","F","European",82,1.63,50
"5316","F","European",70.6,1.68,27
"5320","F","European",73.6,1.64,47
"5321","F","European",88,1.75,45
"5325","F","European",52,1.64,30
"5327","F","European",74,1.76,29
"5337","F","European",68.4,1.77,26
"5338","F","European",62.5,1.54,40
"5339","F","European",74,1.74,28
"5340","F","European",53,1.53,42
"5351","F","European",56,1.52,21
"5355","F","European",69,1.7,21
"5361","F","European",67,1.71,20
"5365","F","European",50,1.65,43
"5366","F","European",64,1.63,48
"5367","F","European",68,1.71,19
"5369","F","European",58.2,1.7,39
"5373","F","European",56.5,1.64,26
"5379","F","European",77,1.73,47
"5383","F","European",77,1.78,29
"5390","F","European",63.2,1.64,39
"5392","F","European",62,1.62,51
"5395","F","European",71.5,1.64,34
"5399","F","European",50,1.48,25
"5402","F","European",67.4,1.72,26
"5408","F","European",73,1.73,56
"5412","F","European",80,1.63,31
"5415","F","European",57,1.53,29
"5426","F","European",75.6,1.64,40
"5429","F","European",100,1.63,43
"5442","F","European",46.5,1.51,22
"5445","F","European",85.2,1.57,46
"5452","F","European",59,1.66,40
"5454","F","European",66.4,1.8,31
"5459","F","European",66,1.83,22
"5465","F","European",70,1.83,22
"5467","F","European",69.8,1.6,44
"5470","F","European",56,1.57,39
"5477","F","European",59.8,1.59,56
"5478","F","European",64.2,1.65,40
"5487","F","European",56,1.58,42
"5490","F","European",75,1.72,32
"5493","F","European",58,1.58,60
"5500","F","European",66,1.66,45
"5504","F","European",53.5,1.61,38
"5514","F","European",65,1.66,39
"5516","F","European",68,1.7,46
"5518","F","European",62.6,1.7,32
"5522","F","European",60.6,1.61,44
"5528","F","European",65.2,1.65,31
"5531","F","European",51,1.57,24
"5545","F","European",62.4,1.63,29
"5547","F","European",63,1.65,20
"5561","F","European",67,1.67,41
"5564","F","European",66.4,1.76,27
"5565","F","European",61,1.68,22
"5566","F","European",63.4,1.63,36
"5574","F","European",46.2,1.55,39
"5575","F","European",59.6,1.58,23
"5582","F","European",67.8,1.7,42
"5584","F","European",78,1.65,32
"5592","F","European",48.2,1.61,20
"5593","F","European",104,1.62,29
"5598","F","European",75,1.79,38
"5603","F","European",76,1.64,36
"5604","F","European",76,1.67,29
"5607","F","European",55,1.69,55
"5608","F","European",71,1.65,27
"5610","F","European",58.4,1.64,40
"5635","F","European",63,1.66,50
"5650","F","European",70,1.76,51
"5656","F","European",62,1.64,30
"5664","F","European",63,1.6,60
"5665","F","European",64,1.64,31
"5668","F","European",56,1.66,25
"5679","F","European",97.4,1.68,29
"5683","F","European",57,1.68,39
"5684","F","European",64,1.69,36
"5689","F","European",72.8,1.76,44
"5699","F","European",74.8,1.59,49
"5704","F","European",52,1.62,49
"5708","F","European",72,1.69,21
"5726","F","European",56.2,1.67,27
"5737","F","European",70,1.62,47
"5739","F","European",74,1.66,50
"5758","F","European",53,1.6,38
"5762","F","European",76,1.79,22
"5764","F","European",53,1.53,39
"5765","F","European",64,1.61,53
"5767","F","European",70,1.76,23
"5769","F","European",60.2,1.7,46
"5771","F","European",72,1.68,27
"5785","F","European",59,1.61,31
"5800","F","European",67,1.64,30
"5801","F","European",62,1.67,40
"5809","F","European",94.4,1.68,43
"5813","F","European",69,1.73,30
"5819","F","European",57,1.54,34
"5825","F","European",62.5,1.72,23
"5838","F","European",68.8,1.71,33
"5840","F","European",69,1.68,45
"5852","F","European",58,1.58,41
"5863","F","European",61.6,1.67,38
"5871","F","European",65,1.66,59
"5873","F","European",68.6,1.67,50
"5875","F","European",62,1.73,29
"5877","F","European",78,1.67,42
"5883","F","European",66,1.72,27
"5904","F","European",54,1.64,37
"5912","F","European",63.4,1.66,20
"5916","F","European",59,1.58,26
"5919","F","European",65,1.77,18
"5922","F","European",74,1.8,27
"5931","F","European",65.8,1.63,45
"5937","F","European",56,1.63,28
"5947","F","European",58.6,1.63,24
"5956","F","European",62.6,1.68,26
"5964","F","European",71,1.58,28
"5972","F","European",65.2,1.59,22
"5979","F","European",76.6,1.59,19
"5981","F","European",93,1.74,44
"5982","F","European",71.6,1.62,27
"5984","F","European",57.4,1.71,28
"5986","F","European",64,1.58,46
"5988","F","European",60.8,1.74,35
"5990","F","European",62.4,1.76,41
"5996","F","European",69.5,1.7,55
"6001","F","European",72.4,1.72,29
"6003","F","European",65.8,1.63,52
"6005","F","European",60,1.68,31
"6008","F","European",56.2,1.62,54
"6012","F","European",63.5,1.67,28
"6016","F","European",104,1.68,37
"6020","F","European",48.8,1.59,45
"6029","F","European",64,1.71,21
"6039","F","European",60,1.67,47
"6043","F","European",72.8,1.75,47
"6046","F","European",59,1.65,22
"6051","F","European",68,1.7,39
"6053","F","European",60,1.67,29
"6061","F","European",72.6,1.71,30
"6072","F","European",58.6,1.61,24
"6074","F","European",63.9,1.63,59
"6077","F","European",80,1.64,50
"6079","F","European",57,1.54,41
"6082","F","European",61.2,1.7,30
"6083","F","European",55.2,1.62,42
"6084","F","European",61.4,1.65,42
"6090","F","European",78,1.75,21
"6105","F","European",72.6,1.68,44
"6113","F","European",72.6,1.7,40
"6117","F","European",55,1.59,44
"6121","F","European",64.6,1.75,23
"6125","F","European",74,1.57,50
"6133","F","European",65,1.59,55
"6140","F","European",51,1.56,20
"6148","F","European",60.4,1.68,23
"6150","F","European",65,1.66,23
"6156","F","European",58.4,1.67,26
"6160","F","European",69.2,1.61,48
"6163","F","European",65.5,1.72,46
"6178","F","European",75,1.53,58
"6186","F","European",75,1.65,48
"6187","F","European",68,1.68,22
"6189","F","European",64.6,1.6,25
"6191","F","European",78,1.65,53
"6199","F","European",61.7,1.65,47
"6233","F","European",84.2,1.66,37
"6234","F","European",68,1.67,29
"6237","F","European",98,1.68,47
"6240","F","European",50.6,1.54,18
"6246","F","European",69.5,1.6,42
"6250","F","European",61.5,1.61,24
"6252","F","European",53.6,1.56,20
"6258","F","European",67.6,1.61,27
"6260","F","European",52.8,1.62,29
"6270","F","European",63,1.71,19
"6275","F","European",70.4,1.65,24
"6276","F","European",82,1.71,42
"6287","F","European",65,1.65,18
"6305","F","European",63,1.58,53
"6310","F","European",104.4,1.58,45
"6312","F","European",65,1.61,47
"6314","F","European",64,1.66,29
"6316","F","European",52.5,1.62,39
"6320","F","European",70.2,1.69,23
"6329","F","European",84,1.72,41
"6331","F","European",77,1.71,37
"6334","F","European",78,1.58,54
"6343","F","European",64,1.77,29
"6356","F","European",84.8,1.64,46
"6360","F","European",70.4,1.53,57
"6380","F","European",71.5,1.57,31
"6383","F","European",70,1.69,42
"6391","F","European",81.6,1.72,34
"6393","F","European",56,1.1,27
"6400","F","European",70.8,1.66,51
"6401","F","European",51,1.61,26
"6408","F","European",57,1.63,32
"6411","F","European",64.6,1.72,32
"6417","F","European",61.8,1.64,41
"6419","F","European",68.8,1.69,41
"6420","F","European",76,1.68,40
"6421","F","European",57.6,1.62,27
"6428","F","European",81.4,1.72,33
"6436","F","European",62,1.74,49
"6446","F","European",67.4,1.7,24
"6455","F","European",64.4,1.74,26
"6465","F","European",54.6,1.5,43
"6466","F","European",61,1.62,34
"6467","F","European",53,1.59,29
"6470","F","European",61.4,1.58,43
"6488","F","European",66,1.64,44
"6491","F","European",63,1.59,48
"6498","F","European",69,1.63,22
"6515","F","European",76,1.54,40
"6519","F","European",59.2,1.59,46
"6529","F","European",73.4,1.68,35
"6530","F","European",62,1.66,26
"6549","F","European",61,1.67,48
"6551","F","European",58.6,1.65,29
"6552","F","European",82,1.59,55
"6556","F","European",52.4,1.62,20
"6557","F","European",65,1.66,32
"6559","F","European",77.6,1.7,30
"6567","F","European",52.8,1.59,27
"6577","F","European",66.4,1.69,48
"6581","F","European",61.6,1.62,51
"6582","F","European",62,1.64,20
"6588","F","European",72.8,1.7,57
"6590","F","European",104,1.65,42
"6591","F","European",64.8,1.67,52
"6614","F","European",87,1.74,35
"6617","F","European",72,1.78,44
"6622","F","European",63.6,1.59,38
"6627","F","European",60.4,1.61,46
"6638","F","European",80,1.71,51
"6639","F","European",59.6,1.7,32
"6644","F","European",57,1.56,53
"6645","F","European",67.2,1.75,20
"6657","F","European",67,1.55,31
"6666","F","European",65.8,1.59,23
"6670","F","European",58.4,1.69,24
"6673","F","European",73.2,1.62,29
"6675","F","European",61.4,1.71,50
"6682","F","European",55.4,1.69,23
"6687","F","European",64.5,1.66,37
"6688","F","European",80,1.68,34
"6689","F","European",54.8,1.59,27
"6690","F","European",70.2,1.62,35
"6695","F","European",78.5,1.58,42
"6699","F","European",45.4,1.62,30
"6702","F","European",63.4,1.72,22
"6722","F","European",80,1.8,40
"6729","F","European",66.6,1.62,44
"6731","F","European",62.2,1.71,27
"6734","F","European",57,1.54,39
"6741","F","European",68.2,1.66,44
"6748","F","European",59.4,1.58,31
"6757","F","European",61.8,1.59,36
"6773","F","European",70,1.58,46
"6774","F","European",73,1.71,23
"6778","F","European",56,1.63,17
"6783","F","European",59,1.7,48
"6788","F","European",70,1.66,51
"6794","F","European",72.2,1.63,36
"6816","F","European",55,1.64,23
"6820","F","European",129,1.65,40
"6823","F","European",71.2,1.74,33
"6830","F","European",53.6,1.59,49
"6831","F","European",63.4,1.67,48
"6833","F","European",66,1.64,31
"6837","F","European",66.6,1.66,27
"6842","F","European",63,1.63,39
"6843","F","European",56,1.59,35
"6844","F","European",59,1.63,35
"6846","F","European",56.8,1.67,44
"6847","F","European",89,1.7,52
"6864","F","European",56,1.65,18
"6865","F","European",84.5,1.62,27
"6873","F","European",53,1.57,24
"6875","F","European",55.8,1.64,41
"6876","F","European",59.5,1.63,28
"6888","F","European",60,1.73,19
"6891","F","European",81,1.71,46
"6893","F","European",70.2,1.61,44
"6895","F","European",65,1.61,35
"6898","F","European",66,1.72,39
"6902","F","European",60.4,1.6,40
"6906","F","European",55,1.57,47
"6907","F","European",104,1.73,20
"6910","F","European",58.5,1.61,40
"6913","F","European",67,1.58,55
"6917","F","European",91.5,1.74,35
"6935","F","European",62,1.59,64
"6940","F","European",49,1.52,47
"6944","F","European",49,1.54,43
"6951","F","European",74.5,1.62,48
"6952","F","European",61,1.54,43
"6953","F","European",57,1.56,46
"6957","F","European",55.6,1.6,20
"6965","F","European",67.2,1.71,47
"6979","F","European",60.4,1.6,45
"6980","F","European",50.5,1.59,25
"6984","F","European",66,1.76,21
"6986","F","European",58.8,1.55,39
"6997","F","European",81,1.73,31
"7014","F","European",61.6,1.66,22
"7015","F","European",61.5,1.63,31
"7018","F","European",46,1.6,43
"7021","F","European",68.5,1.68,27
"7043","F","European",54.8,1.64,41
"7044","F","European",56,1.54,37
"7047","F","European",58.6,1.69,26
"7048","F","European",62.6,1.58,51
"7052","F","European",64.2,1.63,56
"7054","F","European",49,1.59,23
"7055","F","European",73.4,1.71,46
"7065","F","European",77.4,1.7,22
"7067","F","European",62,1.65,31
"7071","F","European",62.6,1.6,41
"7073","F","European",53.5,1.56,32
"7077","F","European",71,1.74,20
"7081","F","European",55,1.56,21
"7090","F","European",59,1.69,20
"7091","F","European",57,1.58,46
"7107","F","European",58.4,1.78,26
"7120","F","European",72.6,1.61,53
"7122","F","European",57,1.52,36
"7125","F","European",63.8,1.62,32
"7129","F","European",45.6,1.62,27
"7136","F","European",54,1.59,32
"7146","F","European",62,1.7,22
"7152","F","European",62.8,1.7,37
"7154","F","European",76.5,1.65,37
"7158","F","European",105,1.71,24
"7161","F","European",75,1.53,38
"7165","F","European",97,1.76,22
"7167","F","European",70.6,1.69,46
"7169","F","European",60,1.57,36
"7170","F","European",54,1.55,32
"7176","F","European",52.2,1.7,42
"7178","F","European",58.2,1.61,41
"7183","F","European",72,1.7,46
"7186","F","European",93.5,1.67,32
"7187","F","European",55,1.65,49
"7188","F","European",95,1.64,44
"7189","F","European",56.8,1.67,30
"7195","F","European",65,1.67,31
"7211","F","European",57,1.69,42
"7222","F","European",63,1.71,36
"7224","F","European",57,1.68,34
"7226","F","European",100,1.65,46
"7243","F","European",55.6,1.68,23
"7254","F","European",60.5,1.64,38
"7255","F","European",96.6,1.65,30
"7256","F","European",74,1.62,31
"7264","F","European",59.1,1.55,20
"7265","F","European",71,1.66,44
"7268","F","European",46.8,1.58,24
"7271","F","European",67,1.6,51
"7272","F","European",56.8,1.65,28
"7279","F","European",63.6,1.67,24
"7282","F","European",70.6,1.75,27
"7285","F","European",66,1.66,40
"7301","F","European",65.5,1.77,45
"7315","F","European",85,1.67,29
"7327","F","European",68.5,1.7,39
"7330","F","European",62.5,1.62,20
"7331","F","European",64,1.7,24
"7334","F","European",66.4,1.54,56
"7343","F","European",68.4,1.62,40
"7346","F","European",56.2,1.64,44
"7359","F","European",61.6,1.63,32
"7367","F","European",54,1.63,41
"7370","F","European",60.2,1.56,25
"7372","F","European",53.6,1.61,47
"7393","F","European",70,1.79,57
"7398","F","European",56.5,1.59,23
"7416","F","European",58.6,1.61,35
"7417","F","European",62,1.63,54
"7430","F","European",60,1.64,38
"7434","F","European",69,1.64,55
"7440","F","European",66.6,1.66,48
"7445","F","European",65,1.62,39
"7450","F","European",60,1.67,22
"7452","F","European",100.5,1.61,55
"7458","F","European",73,1.65,32
"7465","F","European",58,1.57,42
"7470","F","European",71,1.64,48
"7479","F","European",69,1.69,44
"7480","F","European",55.6,1.64,27
"7482","F","European",62.2,1.68,35
"7497","F","European",83.4,1.64,26
"7498","F","European",61.4,1.65,32
"7507","F","European",53,1.57,28
"7513","F","European",52,1.63,27
"7514","F","European",94,1.56,45
"7520","F","European",62.8,1.68,29
"7530","F","European",60,1.61,31
"7532","F","European",53,1.58,33
"7540","F","European",69.6,1.62,43
"7551","F","European",64.4,1.55,52
"7552","F","European",66.8,1.65,39
"7553","F","European",76,1.69,53
"7571","F","European",59,1.67,28
"7572","F","European",67,1.66,29
"7575","F","European",53,1.62,43
"7584","F","European",81,1.71,27
"7590","F","European",62.6,1.68,46
"7606","F","European",78.2,1.61,28
"7607","F","European",60,1.65,49
"7611","F","European",72.6,1.68,50
"7612","F","European",50.4,1.61,30
"7614","F","European",57.6,1.7,28
"7633","F","European",76.8,1.67,47
"7636","F","European",66,1.65,47
"7641","F","European",81,1.62,24
"7650","F","European",77.2,1.66,22
"7653","F","European",61.4,1.54,33
"7655","F","European",69,1.56,21
"7657","F","European",63.8,1.67,33
"7658","F","European",86,1.71,41
"7659","F","European",61,1.73,24
"7664","F","European",59,1.63,50
"7666","F","European",64.5,1.59,44
"7669","F","European",59,1.61,21
"7671","F","European",54,1.58,28
"7678","F","European",56,1.62,25
"7680","F","European",75,1.6,46
"7681","F","European",74.5,1.6,39
"7705","F","European",71,1.57,33
"7706","F","European",60.8,1.54,20
"7708","F","European",69.5,1.6,42
"7710","F","European",54,1.62,47
"7711","F","European",75.6,1.75,41
"7725","F","European",66.8,1.7,24
"7726","F","European",51.5,1.62,26
"7737","F","European",66.2,1.69,33
"7738","F","European",57,1.67,21
"7745","F","European",63,1.65,38
"7749","F","European",58.8,1.63,31
"7752","F","European",55.8,1.64,41
"7754","F","European",60.8,1.71,40
"7766","F","European",62,1.68,34
"7769","F","European",69,1.72,24
"7774","F","European",102,1.68,43
"7777","F","European",73,1.64,28
"7781","F","European",60.8,1.62,43
"7784","F","European",65,1.67,47
"7792","F","European",89.6,1.63,27
"7803","F","European",64,1.64,27
"7806","F","European",69,1.73,42
"7807","F","European",56,1.62,39
"7809","F","European",68,1.65,18
"7813","F","European",55.6,1.63,29
"7818","F","European",70.4,1.73,37
"7819","F","European",61.5,1.64,24
"7825","F","European",60,1.7,38
"7827","F","European",52,1.56,32
"7830","F","European",77.7,1.66,43
"7835","F","European",55,1.61,33
"7836","F","European",73.4,1.59,37
"7843","F","European",59,1.64,21
"7845","F","European",67,1.68,52
"7851","F","European",78,1.62,51
"7865","F","European",54.2,1.6,24
"7871","F","European",66.8,1.75,50
"7872","F","European",68.9,1.69,34
"7881","F","European",57,1.64,26
"7890","F","European",66,1.64,31
"7898","F","European",48.5,1.58,23
"7907","F","European",77,1.72,54
"7910","F","European",77,1.47,46
"7917","F","European",81.4,1.74,24
"7920","F","European",61,1.57,42
"7928","F","European",60.6,1.65,55
"7930","F","European",57,1.59,23
"7931","F","European",76,1.6,30
"7932","F","European",75,1.69,48
"7940","F","European",56.4,1.55,47
"7943","F","European",112.4,1.62,31
"7953","F","European",53.8,1.55,34
"7954","F","European",77,1.62,41
"7955","F","European",110,1.73,42
"7957","F","European",57.2,1.64,25
"7966","F","European",67.5,1.68,27
"7967","F","European",63.4,1.64,23
"7968","F","European",66,1.57,46
"7976","F","European",66,1.74,31
"7981","F","European",69.4,1.67,26
"7982","F","European",55.5,1.63,32
"7986","F","European",63,1.74,61
"7989","F","European",53.8,1.7,45
"8007","F","European",61,1.56,49
"8009","F","European",64,1.68,30
"8012","F","European",69,1.65,37
"8013","F","European",64,1.71,38
"8014","F","European",73,1.7,47
"8015","F","European",70,1.68,50
"8017","F","European",62,1.57,70
"8018","F","European",58,1.61,72
"8020","F","European",78,1.64,82
"8021","F","European",100,1.6,73
"8022","F","European",64,1.67,43
"8023","F","European",59,1.59,69
"8025","F","European",80,1.69,46
"8028","F","European",69,1.53,61
"8029","F","European",44,1.59,80
"8032","F","European",79,1.64,51
"8033","F","European",79,1.7,41
"8034","F","European",59,1.62,68
"8038","F","European",83,1.61,45
"8040","F","European",68,1.58,64
"8042","F","European",49,1.59,76
"8043","F","European",59,1.68,46
"8044","F","European",51,1.49,83
"8046","F","European",50,1.56,36
"8047","F","European",74,1.49,57
"8049","F","European",53,1.62,37
"8050","F","European",59,1.65,68
"8051","F","European",85,1.58,76
"8055","F","European",75,1.59,62
"8058","F","European",55,1.53,71
"8061","F","European",66,1.69,47
"8064","F","European",78,1.65,44
"8065","F","European",66,1.54,42
"8066","F","European",69,1.64,45
"8067","F","European",47,1.61,54
"8071","F","European",58,1.55,88
"8074","F","European",80,1.56,82
"8075","F","European",58,1.57,81
"8076","F","European",65,1.63,43
"8078","F","European",59,1.59,40
"8082","F","European",67,1.71,63
"8084","F","European",70,1.54,48
"8086","F","European",48,1.62,43
"8087","F","European",58,1.56,63
"8088","F","European",74,1.64,48
"8091","F","European",71,1.64,55
"8093","F","European",72,1.64,71
"8096","F","European",85,1.65,50
"8098","F","European",58,1.63,43
"8100","F","European",43,1.6,78
"8102","F","European",57,1.61,71
"8103","F","European",58,1.65,60
"8104","F","European",66,1.62,61
"8110","F","European",59,1.6,43
"8111","F","European",71,1.53,66
"8113","F","European",63,1.6,58
"8116","F","European",60,1.6,68
"8117","F","European",62,1.63,51
"8119","F","European",60,1.54,60
"8122","F","European",59,1.58,72
"8123","F","European",54,1.6,43
"8125","F","European",65,1.71,37
"8126","F","European",69,1.54,50
"8127","F","European",66,1.67,69
"8129","F","European",68,1.57,77
"8130","F","European",53,1.64,73
"8132","F","European",70,1.54,70
"8133","F","European",46,1.56,43
"8134","F","European",74,1.74,42
"8135","F","European",86,1.62,46
"8136","F","European",53,1.62,83
"8139","F","European",58,1.63,36
"8140","F","European",57,1.66,47
"8141","F","European",76,1.7,56
"8142","F","European",74,1.67,38
"8143","F","European",64,1.49,67
"8148","F","European",56,1.65,82
"8149","F","European",83,1.59,46
"8150","F","European",61,1.57,48
"8154","F","European",65,1.65,73
"8155","F","European",62,1.6,46
"8158","F","European",72,1.67,64
"8159","F","European",70,1.58,40
"8160","F","European",78,1.67,54
"8163","F","European",68,1.68,49
"8164","F","European",54,1.57,75
"8165","F","European",88,1.61,61
"8166","F","European",72,1.63,55
"8169","F","European",63,1.5,82
"8171","F","European",76,1.62,69
"8174","F","European",69,1.52,67
"8175","F","European",113,1.7,48
"8177","F","European",63,1.57,72
"8178","F","European",69,1.66,64
"8180","F","European",77,1.62,81
"8187","F","European",54,1.57,82
"8189","F","European",68,1.59,71
"8190","F","European",57,1.72,36
"8193","F","European",61,1.65,45
"8194","F","European",42,1.5,87
"8195","F","European",65,1.64,51
"8196","F","European",49,1.65,64
"8201","F","European",55,1.57,82
"8202","F","European",90,1.7,47
"8209","F","European",75,1.68,65
"8210","F","European",78,1.65,66
"8211","F","European",79,1.73,51
"8217","F","European",43,1.47,85
"8219","F","European",41,1.59,40
"8221","F","European",60,1.55,78
"8223","F","European",58,1.72,39
"8224","F","European",70,1.71,56
"8225","F","European",52,1.62,77
"8227","F","European",105,1.57,40
"8228","F","European",57,1.62,54
"8232","F","European",65,1.57,73
"8237","F","European",52,1.58,81
"8241","F","European",53,1.54,79
"8242","F","European",79,1.66,60
"8245","F","European",68,1.54,82
"8246","F","European",62,1.65,39
"8248","F","European",80,1.72,42
"8250","F","European",59,1.53,57
"8252","F","European",63,1.72,59
"8253","F","European",74,1.63,66
"8256","F","European",65,1.57,43
"8259","F","European",64,1.63,70
"8261","F","European",60,1.56,85
"8265","F","European",72,1.74,62
"8271","F","European",57,1.61,46
"8273","F","European",74,1.64,80
"8275","F","European",72,1.5,79
"8280","F","European",43,1.57,74
"8282","F","European",65,1.64,40
"8285","F","European",79,1.63,62
"8286","F","European",66,1.56,69
"8290","F","European",50,1.49,58
"8291","F","European",68,1.67,54
"8296","F","European",87,1.72,64
"8298","F","European",68,1.61,41
"8303","F","European",60,1.67,64
"8305","F","European",55,1.49,67
"8306","F","European",65,1.65,62
"8307","F","European",51,1.54,65
"8309","F","European",64,1.72,41
"8310","F","European",79,1.67,57
"8311","F","European",73,1.65,84
"8313","F","European",62,1.54,76
"8314","F","European",60,1.59,78
"8315","F","European",48,1.56,72
"8316","F","European",64,1.62,47
"8317","F","European",77,1.65,51
"8318","F","European",93,1.7,62
"8321","F","European",66,1.53,64
"8322","F","European",65,1.67,81
"8323","F","European",52,1.66,62
"8328","F","European",74,1.67,65
"8329","F","European",65,1.62,48
"8331","F","European",71,1.62,80
"8332","F","European",63,1.57,56
"8333","F","European",71,1.64,54
"8338","F","European",66,1.6,56
"8340","F","European",50,1.59,43
"8341","F","European",63,1.54,68
"8342","F","European",80,1.69,52
"8346","F","European",55,1.55,72
"8348","F","European",87,1.62,72
"8349","F","European",70,1.52,60
"8351","F","European",60,1.76,38
"8352","F","European",56,1.46,64
"8357","F","European",53,1.52,78
"8358","F","European",87,1.66,72
"8359","F","European",70,1.56,73
"8361","F","European",89,1.63,62
"8362","F","European",58,1.66,56
"8364","F","European",91,1.7,54
"8367","F","European",90,1.66,66
"8369","F","European",55,1.68,73
"8372","F","European",53,1.54,73
"8374","F","European",57,1.58,67
"8375","F","European",64,1.57,70
"8376","F","European",59,1.67,54
"8380","F","European",59,1.6,39
"8381","F","European",54,1.51,85
"8382","F","European",68,1.58,60
"8383","F","European",67,1.65,37
"8388","F","European",60,1.57,82
"8389","F","European",73,1.66,45
"8392","F","European",91,1.69,44
"8393","F","European",64,1.72,37
"8394","F","European",49,1.57,81
"8395","F","European",59,1.52,83
"8397","F","European",60,1.5,72
"8401","F","European",75,1.67,49
"8403","F","European",55,1.56,39
"8408","F","European",58,1.54,54
"8409","F","European",57,1.64,54
"8410","F","European",55,1.6,50
"8412","F","European",61,1.64,51
"8413","F","European",65,1.66,37
"8414","F","European",68,1.6,81
"8415","F","European",68,1.61,63
"8416","F","European",53,1.58,84
"8417","F","European",74,1.68,66
"8418","F","European",54,1.64,50
"8422","F","European",78,1.61,50
"8423","F","European",87,1.87,53
"8427","F","European",55,1.6,51
"8429","F","European",78,1.59,78
"8430","F","European",57,1.54,79
"8431","F","European",67,1.66,42
"8432","F","European",81,1.69,58
"8434","F","European",52,1.59,51
"8435","F","European",84,1.7,53
"8436","F","European",62,1.59,65
"8441","F","European",67,1.69,75
"8444","F","European",59,1.57,55
"8448","F","European",56,1.59,37
"8453","F","European",69,1.65,45
"8455","F","European",77,1.65,41
"8457","F","European",58,1.61,44
"8459","F","European",54,1.52,83
"8461","F","European",52,1.48,70
"8466","F","European",71,1.59,73
"8467","F","European",71,1.72,53
"8470","F","European",78,1.62,76
"8471","F","European",61,1.54,60
"8473","F","European",57,1.57,70
"8481","F","European",69,1.71,46
"8483","F","European",69,1.67,39
"8487","F","European",61,1.53,59
"8488","F","European",67,1.68,52
"8491","F","European",48,1.48,74
"8494","F","European",69,1.67,59
"8496","F","European",58,1.59,56
"8499","F","European",60,1.59,37
"8500","F","European",56,1.57,75
"8503","F","European",71,1.56,51
"8507","F","European",59,1.64,43
"8509","F","European",64,1.65,64
"8511","F","European",65,1.6,47
"8512","F","European",63,1.61,78
"8513","F","European",65,1.66,51
"8515","F","European",68,1.67,51
"8517","F","European",70,1.63,57
"8518","F","European",63,1.57,50
"8519","F","European",64,1.63,55
"8525","F","European",40,1.49,35
"8532","F","European",68,1.64,60
"8534","F","European",60,1.48,76
"8535","F","European",66,1.62,44
"8536","F","European",65,1.6,56
"8537","F","European",75,1.57,69
"8543","F","European",74,1.62,36
"8545","F","European",64,1.56,76
"8546","F","European",78,1.76,79
"8547","F","European",76,1.65,66
"8552","F","European",58,1.58,54
"8557","F","European",51,1.63,43
"8560","F","European",79,1.62,69
"8561","F","European",101,1.63,67
"8566","F","European",75,1.63,46
"8568","F","European",71,1.66,51
"8569","F","European",72,1.49,81
"8570","F","European",79,1.62,85
"8571","F","European",69,1.65,41
"8572","F","European",80,1.57,63
"8575","F","European",57,1.62,49
"8579","F","European",60,1.53,78
"8581","F","European",66,1.64,77
"8584","F","European",91,1.72,43
"8586","F","European",55,1.59,74
"8590","F","European",75,1.66,64
"8591","F","European",68,1.64,83
"8592","F","European",70,1.65,71
"8596","F","European",59,1.58,61
"8599","F","European",59,1.67,78
"8600","F","European",81,1.7,46
"8602","F","European",69,1.61,44
"8603","F","European",82,1.59,43
"8606","F","European",70,1.63,56
"8607","F","European",54,1.56,78
"8610","F","European",85,1.59,62
"8612","F","European",67,1.59,84
"8614","F","European",77,1.7,39
"8615","F","European",80,1.55,69
"8617","F","European",71,1.65,77
"8620","F","European",68,1.52,52
"8624","F","European",67,1.57,60
"8625","F","European",49,1.59,84
"8626","F","European",84,1.6,77
"8627","F","European",69,1.62,79
"8629","F","European",59,1.55,37
"8632","F","European",54,1.55,81
"8633","F","European",55,1.72,46
"8640","F","European",62,1.7,39
"8643","F","European",59,1.53,71
"8644","F","European",67,1.67,58
"8647","F","European",63,1.68,67
"8649","F","European",79,1.65,48
"8652","F","European",48,1.58,37
"8654","F","European",61,1.57,74
"8657","F","European",88,1.59,53
"8660","F","European",74,1.68,50
"8661","F","European",80,1.6,50
"8662","F","European",92,1.68,51
"8665","F","European",69,1.57,76
"8668","F","European",58,1.57,38
"8670","F","European",76,1.57,68
"8671","F","European",94,1.74,36
"8672","F","European",59,1.67,40
"8674","F","European",57,1.59,37
"8676","F","European",67,1.62,54
"8678","F","European",66,1.67,77
"8679","F","European",79,1.62,75
"8681","F","European",69,1.55,73
"8683","F","European",75,1.71,44
"8684","F","European",70,1.66,42
"8687","F","European",53,1.57,80
"8688","F","European",50,1.6,39
"8690","F","European",57,1.59,40
"8691","F","European",50,1.57,85
"8692","F","European",51,1.62,74
"8693","F","European",68,1.62,62
"8694","F","European",61,1.56,35
"8703","F","European",78,1.73,39
"8711","F","European",43,1.54,84
"8715","F","European",77,1.62,73
"8718","F","European",57,1.54,75
"8719","F","European",70,1.68,38
"8721","F","European",59,1.61,38
"8724","F","European",86,1.6,67
"8726","F","European",50,1.56,77
"8727","F","European",74,1.7,39
"8728","F","European",59,1.55,71
"8729","F","European",54,1.5,77
"8730","F","European",70,1.53,49
"8731","F","European",58,1.59,69
"8732","F","European",80,1.55,73
"8734","F","European",106,1.61,45
"8736","F","European",80,1.67,77
"8738","F","European",64,1.61,81
"8743","F","European",63,1.55,76
"8744","F","European",56,1.56,68
"8747","F","European",55,1.63,78
"8748","F","European",60,1.67,36
"8749","F","European",56,1.67,60
"8753","F","European",57,1.6,45
"8754","F","European",67,1.47,41
"8757","F","European",67,1.49,81
"8758","F","European",89,1.67,77
"8760","F","European",43,1.51,72
"8768","F","European",68,1.56,66
"8769","F","European",78,1.7,46
"8770","F","European",77,1.72,78
"8772","F","European",89,1.59,75
"8773","F","European",72,1.7,45
"8775","F","European",57,1.62,73
"8776","F","European",71,1.61,65
"8777","F","European",59,1.72,42
"8778","F","European",64,1.59,67
"8780","F","European",64,1.62,53
"8781","F","European",53,1.59,46
"8784","F","European",60,1.67,83
"8785","F","European",70,1.64,43
"8787","F","European",72,1.68,45
"8788","F","European",80,1.61,60
"8794","F","European",66,1.64,54
"8795","F","European",58,1.62,85
"8797","F","European",56,1.58,73
"8800","F","European",82,1.74,72
"8802","F","European",68,1.59,48
"8804","F","European",56,1.59,80
"8805","F","European",52,1.51,68
"8806","F","European",80,1.57,71
"8809","F","European",62,1.57,49
"8814","F","European",53,1.57,81
"8815","F","European",70,1.53,60
"8816","F","European",53,1.57,77
"8817","F","European",68,1.64,55
"8818","F","European",67,1.66,56
"8819","F","European",69,1.64,55
"8820","F","European",66,1.55,55
"8822","F","European",71,1.57,74
"8823","F","European",55,1.54,79
"8824","F","European",104,1.72,47
"8826","F","European",95,1.65,45
"8827","F","European",48,1.52,79
"8830","F","European",57,1.63,83
"8831","F","European",77,1.5,65
"8833","F","European",57,1.67,69
"8836","F","European",68,1.58,61
"8839","F","European",60,1.6,48
"8844","F","European",54,1.57,37
"8845","F","European",63,1.6,60
"8846","F","European",86,1.66,79
"8848","F","European",49,1.58,39
"8849","F","European",54,1.62,78
"8853","F","European",85,1.62,53
"8856","F","European",81,1.63,67
"8861","F","European",53,1.61,50
"8862","F","European",69,1.66,61
"8864","F","European",73,1.53,43
"8867","F","European",81,1.53,61
"8868","F","European",56,1.63,53
"8870","F","European",73,1.65,60
"8872","F","European",58,1.6,66
"8876","F","European",67,1.54,53
"8879","F","European",84,1.64,62
"8882","F","European",55,1.57,62
"8883","F","European",135,1.85,51
"8885","F","European",51,1.63,46
"8886","F","European",79,1.6,78
"8887","F","European",54,1.57,76
"8888","F","European",81,1.67,64
"8891","F","European",69,1.66,47
"8894","F","European",70,1.64,46
"8895","F","European",75,1.67,57
"8896","F","European",69,1.71,57
"8897","F","European",58,1.69,64
"8898","F","European",73,1.54,71
"8899","F","European",70,1.66,38
"8901","F","European",61,1.62,64
"8902","F","European",57,1.63,73
"8906","F","European",67,1.7,38
"8908","F","European",68,1.6,77
"8914","F","European",79,1.62,66
"8917","F","European",56,1.52,70
"8918","F","European",66,1.67,64
"8919","F","European",66,1.64,65
"8924","F","European",65,1.67,74
"8925","F","European",56,1.66,81
"8928","F","European",57,1.6,36
"8932","F","European",58,1.66,42
"8933","F","European",53,1.63,52
"8935","F","European",64,1.8,36
"8936","F","European",67,1.69,38
"8938","F","European",64,1.74,36
"8943","F","European",87,1.63,60
"8945","F","European",104,1.65,58
"8950","F","European",67,1.61,61
"8951","F","European",104,1.61,53
"8952","F","European",59,1.53,76
"8953","F","European",67,1.67,52
"8956","F","European",60,1.53,72
"8958","F","European",62,1.71,39
"8961","F","European",74,1.72,49
"8962","F","European",57,1.57,45
"8964","F","European",70,1.64,51
"8967","F","European",63,1.61,51
"8968","F","European",76,1.66,60
"8969","F","European",58,1.48,63
"8970","F","European",77,1.56,44
"8971","F","European",68,1.64,39
"8972","F","European",58,1.54,61
"8974","F","European",59,1.52,72
"8980","F","European",88,1.61,41
"8981","F","European",48,1.62,74
"8983","F","European",66,1.58,44
"8985","F","European",62,1.61,42
"8989","F","European",56,1.63,46
"8991","F","European",59,1.64,61
"8994","F","European",96,1.63,59
"8998","F","European",111,1.64,61
"9000","F","European",80,1.7,73
"9001","F","European",56,1.7,37
"9002","F","European",53,1.61,58
"9003","F","European",61,1.61,73
"9004","F","European",78,1.6,61
"9010","F","European",90,1.59,63
"9011","F","European",67,1.68,77
"9014","F","European",57,1.72,39
"9021","F","European",62,1.65,46
"9027","F","European",60,1.63,78
"9033","F","European",80,1.62,67
"9035","F","European",78,1.72,73
"9036","F","European",79,1.55,74
"9037","F","European",54,1.56,77
"9038","F","European",58,1.58,79
"9041","F","European",84,1.62,48
"9042","F","European",81,1.67,66
"9043","F","European",84,1.54,69
"9044","F","European",72,1.78,71
"9047","F","European",55,1.58,50
"9049","F","European",62,1.68,72
"9051","F","European",74,1.57,74
"9053","F","European",59,1.65,52
"9054","F","European",67,1.6,39
"9055","F","European",58,1.52,54
"9056","F","European",68,1.58,82
"9060","F","European",88,1.72,79
"9063","F","European",61,1.72,43
"9066","F","European",63,1.64,71
"9068","F","European",74,1.54,80
"9070","F","European",55,1.55,71
"9071","F","European",52,1.59,79
"9073","F","European",60,1.59,41
"9075","F","European",77,1.7,62
"9081","F","European",70,1.57,81
"9084","F","European",90,1.66,51
"9087","F","European",72,1.73,52
"9088","F","European",90,1.68,73
"9089","F","European",98,1.67,69
"9097","F","European",66,1.62,57
"9099","F","European",75,1.68,49
"9100","F","European",65,1.6,50
"9103","F","European",79,1.58,53
"9106","F","European",84,1.56,71
"9108","F","European",62,1.65,36
"9111","F","European",63,1.72,41
"9114","F","European",63,1.67,40
"9120","F","European",59,1.53,77
"9122","F","European",61,1.62,61
"9123","F","European",64,1.62,81
"9124","F","European",54,1.58,51
"9125","F","European",50,1.54,60
"9126","F","European",67,1.49,68
"9128","F","European",73,1.51,84
"9129","F","European",75,1.62,78
"9131","F","European",64,1.65,42
"9132","F","European",83,1.62,64
"9136","F","European",59,1.54,36
"9140","F","European",89,1.64,64
"9141","F","European",69,1.77,48
"9142","F","European",67,1.48,73
"9145","F","European",57,1.6,68
"9147","F","European",74,1.69,52
"9150","F","European",59,1.61,62
"9152","F","European",63,1.6,63
"9154","F","European",86,1.58,36
"9157","F","European",56,1.57,85
"9159","F","European",56,1.69,43
"9160","F","European",63,1.62,84
"9162","F","European",86,1.56,74
"9165","F","European",49,1.62,45
"9166","F","European",62,1.6,49
"9170","F","European",91,1.57,73
"9172","F","European",58,1.61,71
"9177","F","European",56,1.63,67
"9179","F","European",77,1.66,40
"9180","F","European",52,1.63,48
"9183","F","European",93,1.64,59
"9184","F","European",60,1.63,36
"9185","F","European",56,1.63,74
"9188","F","European",70,1.7,48
"9191","F","European",59,1.66,52
"9192","F","European",69,1.65,71
"9194","F","European",72,1.65,56
"9197","F","European",63,1.6,42
"9198","F","European",55,1.67,37
"9200","F","European",51,1.65,50
"9201","F","European",54,1.57,84
"9206","F","European",65,1.61,52
"9209","F","European",70,1.67,72
"9212","F","European",79,1.64,67
"9213","F","European",60,1.65,69
"9216","F","European",62,1.68,46
"9219","F","European",56,1.59,72
"9221","F","European",51,1.64,72
"9224","F","European",71,1.52,70
"9225","F","European",71,1.62,65
"9231","F","European",72,1.79,37
"9232","F","European",76,1.74,64
"9235","F","European",52,1.51,59
"9236","F","European",51,1.52,56
"9237","F","European",74,1.62,83
"9238","F","European",85,1.56,54
"9242","F","European",62,1.58,72
"9245","F","European",61,1.66,42
"9249","F","European",71,1.57,70
"9252","F","European",77,1.6,77
"9253","F","European",52,1.64,69
"9254","F","European",81,1.69,72
"9255","F","European",80,1.68,56
"9257","F","European",77,1.68,48
"9263","F","European",58,1.51,61
"9265","F","European",55,1.66,37
"9266","F","European",64,1.72,36
"9268","F","European",60,1.71,49
"9270","F","European",65,1.66,44
"9271","F","European",85,1.65,59
"9272","F","European",58,1.63,46
"9274","F","European",54,1.57,78
"9275","F","European",91,1.67,68
"9276","F","European",86,1.71,55
"9277","F","European",52,1.47,87
"9278","F","European",67,1.58,56
"9279","F","European",69,1.63,44
"9281","F","European",59,1.54,80
"9283","F","European",76,1.67,82
"9285","F","European",70,1.57,71
"9289","F","European",59,1.59,80
"9291","F","European",83,1.57,77
"9292","F","European",70,1.66,52
"9293","F","European",75,1.6,52
"9295","F","European",62,1.7,53
"9296","F","European",74,1.56,68
"9297","F","European",62,1.62,82
"9298","F","European",56,1.69,39
"9299","F","European",55,1.57,74
"9303","F","European",75,1.63,45
"9307","F","European",61,1.59,46
"9308","F","European",64,1.67,36
"9310","F","European",68,1.57,70
"9311","F","European",64,1.57,76
"9312","F","European",85,1.69,76
"9314","F","European",65,1.55,63
"9315","F","European",71,1.55,56
"9318","F","European",51,1.56,56
"9320","F","European",75,1.77,49
"9321","F","European",66,1.67,38
"9323","F","European",58,1.57,66
"9326","F","European",69,1.72,59
"9329","F","European",69,1.57,80
"9332","F","European",59,1.61,37
"9335","F","European",67,1.65,51
"9336","F","European",80,1.71,62
"9338","F","European",69,1.73,50
"9339","F","European",62,1.57,79
"9340","F","European",58,1.59,76
"9341","F","European",71,1.64,49
"9342","F","European",71,1.62,79
"9343","F","European",64,1.57,84
"9346","F","European",70,1.65,75
"9347","F","European",40,1.57,66
"9348","F","European",59,1.61,36
"9353","F","European",67,1.57,53
"9359","F","European",60,1.59,60
"9361","F","European",61,1.53,69
"9363","F","European",50,1.48,68
"9366","F","European",74,1.65,38
"9369","F","European",60,1.54,76
"9370","F","European",76,1.58,70
"9371","F","European",89,1.67,72
"9372","F","European",79,1.6,47
"9373","F","European",73,1.58,67
"9375","F","European",66,1.57,70
"9377","F","European",71,1.59,74
"9380","F","European",64,1.66,38
"9381","F","European",68,1.67,56
"9383","F","European",68,1.56,72
"9384","F","European",96,1.57,42
"9385","F","European",54,1.62,37
"9387","F","European",69,1.57,76
"9388","F","European",58,1.54,79
"9390","F","European",43,1.51,43
"9391","F","European",72,1.57,78
"9392","F","European",70,1.61,43
"9393","F","European",60,1.64,46
"9395","F","European",55,1.55,76
"9396","F","European",51,1.67,78
"9398","F","European",65,1.65,56
"9400","F","European",64,1.64,75
"9401","F","European",52,1.62,68
"9402","F","European",56,1.48,63
"9406","F","European",87,1.66,72
"9410","F","European",56,1.66,54
"9412","F","European",55,1.59,85
"9414","F","European",58,1.74,83
"9415","F","European",63,1.63,49
"9416","F","European",59,1.57,62
"9417","F","European",93,1.6,61
"9420","F","European",72,1.65,38
"9421","F","European",71,1.57,75
"9422","F","European",76,1.56,72
"9423","F","European",97,1.65,51
"9425","F","European",60,1.64,78
"9426","F","European",77,1.75,64
"9427","F","European",74,1.59,74
"9432","F","European",62,1.54,64
"9434","F","European",82,1.63,77
"9436","F","European",49,1.58,72
"9442","F","European",42,1.57,47
"9443","F","European",80,1.62,60
"9448","F","European",65,1.53,39
"9449","F","European",79,1.77,76
"9451","F","European",78,1.67,60
"9452","F","European",72,1.66,51
"9453","F","European",57,1.68,55
"9455","F","European",56,1.62,74
"9456","F","European",60,1.53,41
"9457","F","European",82,1.6,38
"9458","F","European",79,1.75,46
"9459","F","European",50,1.62,81
"9460","F","European",55,1.49,36
"9461","F","European",74,1.66,76
"9468","F","European",55,1.53,79
"9469","F","European",63,1.63,51
"9473","F","European",65,1.62,82
"9475","F","European",58,1.53,36
"9476","F","European",59,1.61,41
"9477","F","European",57,1.74,69
"9481","F","European",88,1.64,57
"9482","F","European",68,1.59,45
"9484","F","European",61,1.6,39
"9485","F","European",72,1.57,67
"9486","F","European",53,1.47,69
"9488","F","European",67,1.67,53
"9489","F","European",49,1.61,85
"9491","F","European",54,1.62,45
"9493","F","European",49,1.53,40
"9495","F","European",52,1.59,50
"9497","F","European",88,1.57,83
"9498","F","European",73,1.57,80
"9500","F","European",68,1.43,70
"9503","F","European",45,1.54,76
"9504","F","European",53,1.55,80
"9505","F","European",85,1.74,52
"9510","F","European",88,1.7,52
"9511","F","European",98,1.6,72
"9514","F","European",56,1.67,64
"9516","F","European",61,1.62,71
"9520","F","European",59,1.64,82
"9522","F","European",84,1.72,46
"9523","F","European",84,1.72,77
"9524","F","European",72,1.5,80
"9527","F","European",81,1.73,72
"9528","F","European",63,1.65,38
"9530","F","European",67,1.61,57
"9531","F","European",92,1.63,76
"9532","F","European",50,1.49,75
"9533","F","European",57,1.53,73
"9535","F","European",57,1.66,43
"9536","F","European",102,1.56,54
"9537","F","European",61,1.54,83
"9540","F","European",68,1.57,78
"9542","F","European",49,1.59,76
"9543","F","European",65,1.61,40
"9546","F","European",61,1.63,52
"9548","F","European",74,1.6,78
"9549","F","European",77,1.62,60
"9550","F","European",57,1.55,75
"9551","F","European",75,1.57,62
"9552","F","European",67,1.67,74
"9553","F","European",70,1.7,37
"9554","F","European",60,1.65,74
"9555","F","European",64,1.61,73
"9558","F","European",80,1.6,77
"9560","F","European",118,1.6,63
"9561","F","European",59,1.69,42
"9563","F","European",82,1.7,39
"9564","F","European",76,1.66,58
"9565","F","European",65,1.62,74
"9566","F","European",60,1.62,56
"9568","F","European",72,1.63,42
"9570","F","European",44,1.45,76
"9571","F","European",58,1.62,78
"9572","F","European",76,1.62,73
"9573","F","European",89,1.62,65
"9575","F","European",93,1.73,44
"9576","F","European",75,1.57,81
"9578","F","European",73,1.67,79
"9581","F","European",68,1.67,68
"9585","F","European",81,1.55,73
"9587","F","European",81,1.6,57
"9590","F","European",65,1.73,52
"9592","F","European",57,1.64,78
"9595","F","European",74,1.7,63
"9598","F","European",62,1.62,38
"9600","F","European",57,1.52,85
"9601","F","European",52,1.54,78
"9602","F","European",56,1.64,46
"9603","F","European",81,1.62,74
"9606","F","European",60,1.64,52
"9607","F","European",96,1.64,77
"9610","F","European",75,1.73,43
"9611","F","European",61,1.56,68
"9613","F","European",64,1.63,67
"9615","F","European",69,1.61,72
"9618","F","European",55,1.6,37
"9619","F","European",59,1.65,48
"9620","F","European",52,1.52,61
"9622","F","European",57,1.61,53
"9623","F","European",57,1.66,47
"9625","F","European",115,1.69,52
"9628","F","European",67,1.62,52
"9631","F","European",58,1.57,82
"9632","F","European",76,1.67,48
"9635","F","European",46,1.44,56
"9636","F","European",65,1.61,53
"9638","F","European",68,1.56,57
"9640","F","European",39,1.52,78
"9645","F","European",78,1.7,47
"9648","F","European",67,1.6,49
"9649","F","European",67,1.59,74
"9651","F","European",65,1.58,51
"9656","F","European",58,1.48,79
"9657","F","European",65,1.6,63
"9658","F","European",65,1.71,37
"9662","F","European",56,1.57,82
"9664","F","European",74,1.53,51
"9666","F","European",58,1.57,76
"9669","F","European",64,1.59,72
"9671","F","European",59,1.71,36
"9673","F","European",98,1.74,76
"9674","F","European",70,1.69,51
"9675","F","European",84,1.56,66
"9676","F","European",73,1.6,49
"9679","F","European",62,1.57,74
"9684","F","European",63,1.62,50
"9686","F","European",53,1.69,46
"9689","F","European",70,1.62,82
"9690","F","European",67,1.65,57
"9692","F","European",107,1.68,72
"9693","F","European",57,1.54,84
"9698","F","European",46,1.62,71
"9700","F","European",66,1.61,80
"9702","F","European",67,1.52,73
"9705","F","European",56,1.65,46
"9707","F","European",58,1.61,39
"9708","F","European",62,1.62,64
"9709","F","European",67,1.62,64
"9716","F","European",52,1.51,77
"9717","F","European",57,1.61,52
"9722","F","European",48,1.57,70
"9723","F","European",73,1.69,60
"9726","F","European",56,1.65,37
"9727","F","European",53,1.61,66
"9728","F","European",61,1.63,40
"9729","F","European",51,1.56,78
"9738","F","European",50,1.57,81
"9740","F","European",48,1.59,50
"9743","F","European",68,1.61,68
"9744","F","European",75,1.71,40
"9745","F","European",63,1.55,43
"9746","F","European",59,1.54,80
"9748","F","European",58,1.63,66
"9749","F","European",58,1.63,81
"9751","F","European",73,1.49,65
"9754","F","European",74,1.7,66
"9756","F","European",64,1.6,71
"9757","F","European",73,1.6,63
"9758","F","European",76,1.71,42
"9762","F","European",57,1.61,53
"9766","F","European",62,1.64,39
"9773","F","European",63,1.5,66
"9774","F","European",95,1.61,40
"9776","F","European",55,1.6,84
"9779","F","European",68,1.49,46
"9780","F","European",59,1.61,59
"9781","F","European",78,1.67,80
"9782","F","European",53,1.6,62
"9785","F","European",62,1.63,58
"9786","F","European",70,1.57,42
"9790","F","European",69,1.62,81
"9791","F","European",63,1.69,81
"9792","F","European",58,1.63,77
"9793","F","European",65,1.6,83
"9794","F","European",63,1.72,83
"9798","F","European",67,1.51,53
"9799","F","European",65,1.68,49
"9801","F","European",67,1.67,59
"9805","F","European",61,1.54,64
"9806","F","European",99,1.59,56
"9807","F","European",56,1.5,71
"9810","F","European",74,1.66,63
"9811","F","European",83,1.53,72
"9812","F","European",69,1.62,81
"9818","F","European",67,1.57,78
"9820","F","European",80,1.72,54
"9824","F","European",64,1.6,72
"9829","F","European",67,1.69,44
"9830","F","European",65,1.7,57
"9831","F","European",62,1.64,72
"9834","F","European",74,1.57,65
"9836","F","European",74,1.56,67
"9837","F","European",77,1.72,49
"9838","F","European",68,1.64,56
"9843","F","European",38,1.62,85
"9844","F","European",51,1.6,56
"9847","F","European",64,1.59,75
"9848","F","European",65,1.79,48
"9849","F","European",72,1.71,39
"9852","F","European",58,1.57,60
"9853","F","European",68,1.63,73
"9854","F","European",64,1.61,60
"9857","F","European",57,1.67,57
"9859","F","European",68,1.63,59
"9869","F","European",68,1.68,50
"9870","F","European",59,1.5,76
"9873","F","European",60,1.57,72
"9875","F","European",83,1.63,39
"9881","F","European",63,1.65,45
"9882","F","European",87,1.6,63
"9886","F","European",61,1.64,46
"9888","F","European",52,1.52,79
"9889","F","European",79,1.67,60
"9890","F","European",80,1.67,51
"9891","F","European",59,1.62,52
"9901","F","European",66,1.53,51
"9902","F","European",73,1.67,70
"9903","F","European",60,1.6,79
"9905","F","European",97,1.66,56
"9907","F","European",57,1.66,50
"9909","F","European",55,1.68,47
"9911","F","European",60,1.71,64
"9912","F","European",103,1.71,62
"9913","F","European",98,1.67,85
"9915","F","European",62,1.47,64
"9916","F","European",77,1.69,62
"9917","F","European",62,1.63,64
"9918","F","European",63,1.66,54
"9920","F","European",47,1.59,72
"9921","F","European",62,1.6,60
"9922","F","European",73,1.56,57
"9923","F","European",64,1.67,38
"9927","F","European",67,1.6,49
"9930","F","European",77,1.62,79
"9931","F","European",53,1.62,45
"9933","F","European",74,1.67,70
"9934","F","European",54,1.52,84
"9935","F","European",65,1.72,54
"9937","F","European",83,1.61,62
"9939","F","European",63,1.55,81
"9940","F","European",86,1.52,83
"9941","F","European",75,1.7,41
"9942","F","European",54,1.6,54
"9943","F","European",46,1.54,78
"9948","F","European",75,1.6,69
"9949","F","European",77,1.66,45
"9952","F","European",53,1.67,78
"9953","F","European",52,1.49,75
"9955","F","European",97,1.63,75
"9956","F","European",70,1.59,62
"9957","F","European",47,1.6,37
"9958","F","European",89,1.65,57
"9960","F","European",58,1.61,61
"9970","F","European",82,1.64,78
"9972","F","European",78,1.59,63
"9973","F","European",60,1.58,56
"9974","F","European",55,1.41,80
"9975","F","European",58,1.62,84
"9976","F","European",56,1.6,39
"9977","F","European",58,1.52,46
"9978","F","European",76,1.56,73
"9981","F","European",74,1.64,68
"9983","F","European",92,1.55,60
"9984","F","European",63,1.6,80
"9988","F","European",59,1.66,46
"9993","F","European",78,1.72,36
"9994","F","European",67,1.73,70
"9997","F","European",80,1.66,76
"9998","F","European",56,1.63,59
"9999","F","European",51,1.54,75
"10001","F","European",67,1.65,57
"10006","F","European",64,1.71,46
"10009","F","European",78,1.74,76
"10010","F","European",69,1.64,52
"10014","F","European",52,1.65,63
"10017","F","European",78,1.68,57
"10019","F","European",66,1.58,67
"10022","F","European",61,1.59,72
"10023","F","European",57,1.52,83
"10024","F","European",75,1.65,49
"10025","F","European",66,1.57,75
"10026","F","European",58,1.61,62
"10027","F","European",55,1.52,84
"10028","F","European",56,1.55,75
"10029","F","European",63,1.57,81
"10030","F","European",83,1.61,55
"10031","F","European",58,1.54,60
"10034","F","European",78,1.62,69
"10035","F","European",97,1.62,61
"10038","F","European",58,1.61,49
"10039","F","European",51,1.62,79
"10042","F","European",77,1.71,57
"10043","F","European",52,1.64,63
"10044","F","European",67,1.55,72
"10045","F","European",67,1.66,68
"10047","F","European",92,1.66,60
"10048","F","European",64,1.55,81
"10050","F","European",62,1.54,57
"10051","F","European",66,1.58,83
"10053","F","European",72,1.63,37
"10057","F","European",61,1.56,78
"10058","F","European",85,1.67,77
"10060","F","European",69,1.53,72
"10061","F","European",65,1.59,45
"10062","F","European",59,1.73,41
"10063","F","European",60,1.63,40
"10066","F","European",62,1.57,82
"10069","F","European",74,1.74,80
"10070","F","European",78,1.59,52
"10071","F","European",75,1.57,74
"10075","F","European",64,1.67,82
"10076","F","European",87,1.63,56
"10077","F","European",84,1.63,60
"10078","F","European",67,1.64,73
"10079","F","European",79,1.71,48
"10081","F","European",71,1.5,70
"10082","F","European",70,1.67,36
"10084","F","European",66,1.59,59
"10086","F","European",61,1.53,81
"10087","F","European",72,1.63,46
"10095","F","European",64,1.58,77
"10096","F","European",53,1.56,56
"10100","F","European",68,1.61,46
"10104","F","European",61,1.56,71
"10110","F","European",78,1.52,81
"10112","F","European",56,1.55,63
"10113","F","European",59,1.68,40
"10115","F","European",82,1.6,45
"10116","F","European",70,1.67,75
"10117","F","European",72,1.73,79
"10118","F","European",63,1.62,54
"10122","F","European",66,1.57,65
"10124","F","European",61,1.54,79
"10126","F","European",79,1.69,40
"10129","F","European",54,1.55,80
"10130","F","European",50,1.51,80
"10133","F","European",101,1.63,51
"10134","F","European",59,1.61,60
"10141","F","European",64,1.61,66
"10146","F","European",65,1.6,56
"10148","F","European",64,1.58,65
"10149","F","European",61,1.61,67
"10150","F","European",50,1.62,85
"10152","F","European",68,1.56,38
"10153","F","European",66,1.67,74
"10154","F","European",62,1.59,57
"10155","F","European",73,1.62,83
"10156","F","European",72,1.59,84
"10157","F","European",63,1.69,46
"10158","F","European",83,1.67,67
"10159","F","European",56,1.61,56
"10161","F","European",61,1.54,51
"10164","F","European",76,1.74,66
"10168","F","European",89,1.71,41
"10170","F","European",62,1.65,51
"10176","F","European",108,1.56,48
"10178","F","European",60,1.63,73
"10180","F","European",52,1.49,63
"10184","F","European",70,1.63,64
"10187","F","European",52,1.67,83
"10189","F","European",101,1.66,65
"10194","F","European",72,1.6,75
"10195","F","European",62,1.62,42
"10196","F","European",72,1.54,42
"10198","F","European",64,1.62,60
"10199","F","European",51,1.45,65
"10200","F","European",60,1.59,65
"10202","F","European",68,1.64,56
"10203","F","European",63,1.67,47
"10204","F","European",72,1.58,61
"10207","F","European",66,1.6,69
"10210","F","European",59,1.61,51
"10211","F","European",55,1.59,53
"10212","F","European",73,1.65,76
"10213","F","European",73,1.65,51
"10217","F","European",62,1.61,75
"10221","F","European",52,1.62,81
"10222","F","European",58,1.57,72
"10223","F","European",62,1.62,48
"10224","F","European",70,1.55,57
"10226","F","European",65,1.6,81
"10228","F","European",60,1.64,58
"10229","F","European",44,1.5,69
"10230","F","European",57,1.6,81
"10235","F","European",69,1.67,63
"10236","F","European",61,1.54,78
"10237","F","European",78,1.61,68
"10238","F","European",96,1.68,56
"10240","F","European",69,1.54,79
"10241","F","European",54,1.58,48
"10243","F","European",59,1.54,71
"10244","F","European",64,1.58,79
"10247","F","European",70,1.52,59
"10248","F","European",57,1.67,42
"10249","F","European",67,1.66,39
"10250","F","European",63,1.52,65
"10253","F","European",54,1.54,73
"10254","F","European",62,1.56,40
"10255","F","European",73,1.58,70
"10256","F","European",80,1.65,65
"10260","F","European",88,1.56,62
"10264","F","European",59,1.53,60
"10265","F","European",62,1.56,41
"10274","F","European",63,1.8,43
"10275","F","European",64,1.65,73
"10278","F","European",76,1.69,41
"10279","F","European",55,1.61,47
"10280","F","European",58,1.55,73
"10281","F","European",73,1.71,50
"10282","F","European",58,1.58,56
"10284","F","European",63,1.66,64
"10287","F","European",59,1.67,66
"10288","F","European",77,1.76,57
"10296","F","European",59,1.64,55
"10301","F","European",56,1.57,41
"10304","F","European",67,1.7,40
"10307","F","European",63,1.67,56
"10310","F","European",62,1.64,52
"10312","F","European",49,1.59,79
"10313","F","European",65,1.5,84
"10318","F","European",73,1.53,55
"10319","F","European",52,1.58,57
"10322","F","European",61,1.68,54
"10324","F","European",70,1.56,52
"10325","F","European",67,1.57,41
"10327","F","European",77,1.59,57
"10328","F","European",67,1.69,43
"10329","F","European",66,1.69,63
"10330","F","European",64,1.75,36
"10333","F","European",52,1.6,63
"10336","F","European",62,1.71,43
"10337","F","European",49,1.59,80
"10341","F","European",62,1.49,79
"10342","F","European",77,1.69,50
"10345","F","European",54,1.66,41
"10347","F","European",68,1.68,40
"10349","F","European",71,1.7,39
"10350","F","European",56,1.57,82
"10351","F","European",70,1.5,38
"10353","F","European",79,1.66,38
"10354","F","European",66,1.63,65
"10356","F","European",54,1.54,70
"10357","F","European",56,1.63,69
"10360","F","European",67,1.59,42
"10363","F","European",69,1.63,73
"10364","F","European",75,1.57,73
"10367","F","European",54,1.6,36
"10370","F","European",69,1.74,57
"10372","F","European",60,1.65,85
"10380","F","European",51,1.49,78
"10381","F","European",66,1.62,80
"10383","F","European",57,1.64,38
"10385","F","European",60,1.67,39
"10386","F","European",99,1.59,61
"10390","F","European",60,1.64,43
"10391","F","European",54,1.57,68
"10397","F","European",57,1.56,63
"10398","F","European",72,1.59,57
"10399","F","European",56,1.68,42
"10402","F","European",68,1.68,42
"10404","F","European",63,1.74,49
"10405","F","European",60,1.52,71
"10406","F","European",74,1.66,75
"10414","F","European",71,1.46,40
"10424","F","European",65,1.62,76
"10426","F","European",89,1.63,55
"10427","F","European",56,1.64,69
"10429","F","European",73,1.68,67
"10430","F","European",56,1.59,77
"10432","F","European",78,1.56,63
"10436","F","European",68,1.64,44
"10438","F","European",98,1.52,78
"10439","F","European",68,1.71,39
"10441","F","European",60,1.73,43
"10442","F","European",53,1.58,40
"10446","F","European",68,1.67,43
"10452","F","European",74,1.64,72
"10454","F","European",65,1.64,77
"10455","F","European",57,1.72,79
"10459","F","European",85,1.59,73
"10461","F","European",60,1.6,65
"10462","F","European",61,1.54,62
"10464","F","European",104,1.58,66
"10465","F","European",56,1.64,51
"10469","F","European",55,1.66,40
"10471","F","European",67,1.69,40
"10473","F","European",77,1.64,60
"10474","F","European",71,1.6,62
"10479","F","European",67,1.68,66
"10480","F","European",65,1.61,66
"10482","F","European",85,1.57,59
"10483","F","European",43,1.62,82
"10484","F","European",55,1.69,43
"10486","F","European",56,1.57,84
"10488","F","European",60,1.54,78
"10490","F","European",61,1.61,47
"10493","F","European",92,1.64,73
"10494","F","European",64,1.69,43
"10495","F","European",59,1.7,80
"10497","F","European",81,1.54,80
"10499","F","European",60,1.47,64
"10500","F","European",65,1.6,45
"10505","F","European",70,1.58,56
"10506","F","European",61,1.65,71
"10508","F","European",65,1.68,75
"10510","F","European",66,1.68,53
"10511","F","European",43,1.52,69
"10513","F","European",73,1.67,47
"10514","F","European",78,1.62,68
"10516","F","European",66,1.55,52
"10517","F","European",75,1.58,69
"10519","F","European",61,1.53,72
"10520","F","European",59,1.6,59
"10522","F","European",86,1.67,42
"10523","F","European",71,1.59,73
"10524","F","European",75,1.52,72
"10525","F","European",66,1.61,53
"10528","F","European",55,1.62,69
